MF,Part/Description,Grp,Sts,OEM,Bin/Shelf,O/H,O/O,B/O,Core,Cost,Trade,List,ExtCost
HY,ABF12-AC000 : REVERSIBLE CARGO TRAY,210, N,,814,3,,,,97,133,156,291
HY,ABF13-AC600 : ALL SEASON FITTED LIN,210, N,,B4/G00,1,,,,184,241,283,184
HY,"ABF46-AKA00 : MUD GUARDS, FRONT",210, N,,A4/A00,1,,,,23,34,40,23
HY,"ABF46-AKF00 : MUD GUARDS, REAR",210, N,,A4/A00,2,,,,23,34,40,46
HY,BFH68-AK500 : CONNECTOR-VEHICLE TO,200, N,,B1/D00,1,,,,190,225,265,190
HY,B8161-ADUS8 : TOW HITCH HARNESS (4P,210, N,,A4/E00,2,,,,96,132,155,192
HY,CUT : KEY,200, A,,SPORD,0,,,,0.01,60,60,
HY,CWF12-AC100 : CARGO NET WO/WOOFER,210, N,,B2/F00,1,,,,45,58,68,45
HY,CWF12-AC110 : LUGGAGE NET,210, N,,B2/F00,1,,,,45,58,68,45
HY,CWF13-AU100 : ALL SEASON FITTED LIN,200, A,,B4/F00,1,,,,217,260,306,217
HY,CWF21-AU000 : CROSSBAR,210, N,,B5/A00,1,,,,285,372,438,285
HY,CWF46-ACA00 : FRONT MUD GUARD KIT,210, N,,B2/H00,1,,,,22,33,39,22
HY,CWF46-ACF00 : REAR MUD GUARD KIT,210, N,,B1/E00,1,,,,22,33,39,22
HY,CWF46-ACJ10 : RR MUD GUARD KIT,200, N,,B2/H00,1,,,,22,33,39,22
HY,CWF46AC000 : MUD GUARD KIT,210, N,,B1/D00,3,,,,38,57.8,68,114
HY,CWF61-AU300 : TOW HITCH KIT,200, N,,WALL2,1,,,,362,475,559,362
HY,CWF67-AC000 : TOW HITCH HARNESS,200, N,,B1/K00,1,,,,174,224,264,174
HY,CWF69-AU000 : LLUMINATED DOOR SCUFF,200, N,,B2/G00,1,,,,335,380,447,335
HY,C2H79-AP000 : FILTER ASSY-AIR,200, A,,402,3,,,,21.73,29.8,35.06,65.19
HY,"C5H09-AK012-R : BLADE ASSY-WIPER,RR",200, A,,RACK,1,1,,,18.32,25.12,29.55,18.32
HY,DUF46-ACA00 : FRONT MUD GUARD KIT,200, N,,B2/I00,1,,,,33,49,58,33
HY,DUF46-ACC00 : FR MUD GUARD KIT,200, N,,B2/I00,1,,,,33,49,58,33
HY,DUF46-ACF00 : REAR MUD GUARD KIT,200, N,,B2/I00,1,,,,33,49,58,33
HY,DUF46-ACH00 : RR MUD GUARD KIT,200, N,,B2/I00,1,,,,33,49,58,33
HY,"D3F61-AU400 : BALLMOUNT KIT, CLASS",210, N,,C2/C00,1,,,,58,79,93,58
HY,D3F79-AC000 : FILTER-AIR CONDITIONE,200, A,,406,8,,,,21.73,29.8,35.06,173.84
HY,D3H79-AK000 : FILTER-AIR,210, R,,402,2,,,,21.73,29.8,35.06,43.46
HY,D3017-ADU00 : CARGO NET,210, N,,B1/E00,1,,,,45,58,68,45
HY,D3061-ADUS6-QQH : TOW HITCH HARNESS,200, N,,B2/B00,1,,,,120,161.5,190,120
HY,"F2F05-AK102 : PEDAL KIT (A/T, LHD)",210, N,,B6/C00,1,,,,63,85,100,63
HY,F2F79-AC000 : FILTER-AIR CONDITIONE,200, N,,402,2,,,,28.63,39.24,46.17,57.26
HY,F2H79-AK000 : FILTER-AIR,200, A,,406,10,,,,28.63,39.24,46.17,286.3
HY,GIF13-AU100 : ALL SEASON FITTED LIN,200, N,,B4/A,1,,,,267,326,384,267
HY,"GIF13-AU200 : LINER, ALL SEASON FLO",200, N,,B5/A00,1,,,,267,326,384,267
HY,"GIF13-AU300 : LINER, ALL SEASON FLO",200, N,,B5/A00,1,,,,267,326,384,267
HY,GIF27-AU100 : CHARGING PORT APPLIQU,200, N,,B2/F00,1,,,,45,67,79,45
HY,GIF46-ACA00 : FRONT MUD GUARD KIT,201, N,,B2/H00,1,,,,23,34,40,23
HY,"G3H17-AK021 : CARGO NET, FLOOR",210, N,,A4/C00,2,,,,45,58,68,90
HY,J9F13-AC300 : COMPLETE ASSY-ALL WEA,210, N,,B4/C00,2,,,,144,215,253,288
HY,J9F18-AU000 : CARGO BLOCK,210, N,,B2/D00,1,,,,19,22,26,19
HY,J9F18-AU600 : CARGO BLOCKS,210, N,,B1/D00,1,,,,19,22,26,19
HY,J9F46-AK000 : MUD GUARD FR,210, N,,B2/C00,1,,,,23,34,40,23
HY,KLC79-AC001 : FILTER-AIR CONDITIONE,200, A,,406,15,,,,38.97,53.43,62.86,584.55
HY,K2C79-AC001 : FILTER-AIR CONDITIONE,200, A,,401,5,2,,,21.14,28.98,34.09,105.7
HY,K5F22-AU000 : DOOR VISOR,210, N,,B3/B00,2,,,,118,144,169,236
HY,K5F33-AU000 : CARGO BED MAT,210, N,,B5/G00,1,,,,149,204,240,149
HY,K5F36-AU000 : SKID PLATE,210, N,,813,1,,,,238,337,397,238
HY,K5F46-ACA00 : FRONT MUD GUARDS,210, N,,B2/D00,1,,,,22,33,39,22
HY,K5F46-ACF00 : REAR MUD GUARDS,210, N,,B2/D00,1,,,,22,33,39,22
HY,K5F61-AU100 : TOW HITCH KIT,200, N,,WALL2,1,,,,379,488,574,379
HY,K5F67-ACD00-QQH : JUMPER HARNESS AS,200, N,,A1/E00,1,,,,11.77,16.13,18.98,11.77
HY,LEAFT-NX4N0-QQH : LEAFLET,200, N,,A1/C00,2,,,,6.29,8.63,10.15,12.58
HY,LEAFT-TMN00-QQH : LEAFLET,200, N,,A1/C00,2,,,,7.18,9.84,11.58,14.36
HY,L0F13-AU000 : ALL SEASON  FITTED LI,210, N,,B5/D00,1,,,,189,191.25,225,189
HY,MW023-43635-A : CLIP-HOSE,201, N,,C3/H13,10,,,,1.3,1.78,2.1,13
HY,NPNANTFREZ : ANTI-FREEZE/COOLANT,200, A,,SPORD,0,,,,1,1.4,1.67,
HY,PGIOE-U32AQ-QH : OWNER'S MANUAL SUP,200, N,,A1/I09,3,,,,0.34,0.47,0.55,1.02
HY,PIH68-AK300 : ADAPTER-NACS CAR TO C,200, N,,B1/D00,1,,,,215,220,250,215
HY,"P0F12-AC600 : CARGO TRAY, REVERSIBL",200, A,,B5/D00,0,,,,98,134,158,
HY,P0F13-AU100 : ALL SEASON FITTED LIN,200, A,,B4/D00,0,,,,217,260,306,
HY,P6F13-AC500 : ASSY-ALL SEASON LINER,200, A,,B3/B00,1,,,,200,227,275,200
HY,P7F13-AC500 : ASSY-ALL SEASON LINER,200, A,,B5/A00,1,,,,200,227,267,200
HY,"P9F13-AU000 : LINER, ALL SEASON FLO",200, A,,B5/A00,1,,,,217,260,306,217
HY,P9H11-AK000 : CARGO SCREEN,200, N,,B5/A00,1,,,,159,204,240,159
HY,RC283S8500QQH : RC283 BUCKLE ASSY F,200, A,,SPORD,0,,,,38.57,52.87,62.21,
HY,R6F12-AC400 : CARGO TRAY,200, A,,SPORD,0,,,,95,114,134,
HY,R6F21-AC000 : COMPLETE ASSY-ROOF CR,200, A,,WALL/3,0,,,,370,482,567,
HY,R6F46-ACA00 : FR MUD GUARD KIT,200, N,,B2/H00,1,,,,29,39,46,29
HY,R6F46-ACF00 : RR MUD GUARD KIT,200, N,,B2/H00,1,,,,29,39,46,29
HY,R6F61-AU000 : TOW HITCH KIT,210, N,,WALL2,1,,,,379,488,574,379
HY,SHZOE-U49B : SANTA FE MX5A OWNERS M,200, A,,SPORD,0,,,,45,59.5,70,
HY,SVC9A-6SYRI-NQQH : SYRINGE KIT (SVC,200, N,,A1/I10,4,,,,0.01,0,0,0.04
HY,S2C79-AC100 : FILTER-COMBI AIR COND,200, A,,403,22,,,,29.82,40.88,48.1,656.04
HY,S2F12-AC600 : REVERSIBLE CARGO TRAY,210, N,,B4/B00,2,,,,29,34.85,41,58
HY,S2F13-AU200 : ALL SEASON FITTED LIN,210, N,,B5/C00,2,,,,70,91.8,108,140
HY,S2F17-AU000 : CARGO NET,210, N,,B1/C00,3,,,,45,58,68,135
HY,S2F21-AC500 : CROSS BARS,210, N,,B5/A00,1,,,,89,116.45,145,89
HY,S2F37-AC000 : SIDE STEPS,210, N,,810,1,,,,129,141.95,167,129
HY,"S2F46-ACB00 : MUD GUARD KIT, FRONT",210, N,,B2/E00,2,,,,7,10.2,12,14
HY,"S2F46-ACG00 : MUD GUARD KIT, REAR",210, N,,B2/E00,2,,,,7,10.2,12,14
HY,S2F61-AU100 : TOW HITCH KIT,210, N,,WALL2,2,,,,264,346,407,528
HY,S2F67-AC501 : TOW HITCH HARNESS,200, A,,B2/F00,0,,,,118,150,177,
HY,S2F67-AC700 : TOW HITCH HARNESS,200, N,,C2/F00,1,,,,100,128,150,100
HY,S5171-22B00-0 : CAR CARE- DISC-FR W,200, N,,B7/I00,1,,,,83.83,114.93,135.21,83.83
HY,S8C79-AC000 : FILTER-CABIN PREMIUM,200, A,,404,16,,,,24.71,33.87,39.85,395.36
HY,"S8F12-AC100 : CARGO MAT, CARPETED",200, N,,B4/D00,1,,,,95,114,134,95
HY,"S8F12-AU100 : CARGO MAT, CARPETED W",210, N,,B5/B00,1,,,,100,137,161,100
HY,S8F13-AU100 : ALL SEASON FITTED LIN,210, A,,B5/F00,0,,,,278,326,384,
HY,S8F21-AU001 : CROSS BARS,210, N,,B3/A,3,,,,313,380,447,939
HY,S8F46-ACA01 : FRONT MUD GUARD KIT,200, N,,B2/C00,1,,,,23,34,40,23
HY,S8F67-AC700 : TOW HITCH HARNESS,200, N,,C2/D00,1,,,,148,179,211,148
HY,S8F67-AC900-QQH : EXTENSION WIRE,200, A,,A1/C00,3,,,,8.97,12.3,14.47,26.91
HY,T6F79-AC000 : FILTER-AIR CONDITIONE,200, N,,401,2,,,,23.42,32.1,39.95,46.84
HY,0JF03-13465 : NUT,200, N,,B1/I09,2,,,,4.42,6.06,7.13,8.84
HY,00F05-AU000-PR3 : TU PAINT PEN PR3,210, N,,426,1,,,,19,28.05,33,19
HY,00F05-AU000-WC9 : TU Paint Pen WC9,210, A,,B2/G00,2,,,,19,28.05,33,38
HY,00F05-AU000-W6H : T/U PAINT SERENIT,200, A,,SPORD,0,,,,24,35.7,42,
HY,00F09-AU011-RL2 : 11' REAR WIPER BL,200, A,,RACK,6,,,,14,20,23,84
HY,00F09-AU012-RL2 : 12' REAR WIPER BL,200, A,,RACK,6,,,,14,20,23,84
HY,00F09-AU013-RB4 : 13' REAR WIPER BL,200, N,,RACK,2,,,,14,20,23,28
HY,00F09-AU014-FL : 14' FLAT WIPER BLA,200, N,,RACK,12,,,,15,20,24,180
HY,00F09-AU014-RL2 : 14' REAR WIPER BL,200, A,,RACK,1,,,,14,20,23,14
HY,00F09-AU016-FL : 16' FLAT WIPER BLA,200, N,,RACK,16,,,,16,22,26,256
HY,00F09-AU018-FL : 18' FLAT WIPER BLA,200, N,,RACK,14,,,,16,22,26,224
HY,00F09-AU020-FL : 20' FLAT WIPER BLA,200, N,,RACK,14,,,,14.29,19.58,23.04,200.06
HY,00F09-AU022-FL : 22' FLAT WIPER BLA,200, N,,RACK,11,,,,16,22,26,176
HY,00F09-AU024-FL : 24' FLAT WIPER BLA,200, N,,RACK,14,,,,14.1,19.34,22.75,197.4
HY,00F09-AU026-FL : 26' FLAT WIPER BLA,200, N,,RACK,10,,,,18,25,29,180
HY,00F09-AU028-FL : 28' FLAT WIPER BLA,200, N,,RACK,12,,,,21,29,34,252
HY,00F09-AU118-FL : 18' FLAT WIPER BLA,200, N,,RACK,20,,,,16,22,26,320
HY,00F09-AU120-FL : 20' FLAT WIPER BLA,200, N,,RACK,10,,,,18,25,29,180
HY,00F09-AU124-FL : 24' FLAT WIPER BLA,200, N,,RACK,5,,,,19,26,31,95
HY,00F53-AM700 : PORTABLE JUMP STARTER,210, N,,B2/D00,1,,,,110.49,0,129.99,110.49
HY,00F73-AU000 : PERSONAL SAFETY KIT,210, N,,B2/D00,2,,,,17,20.4,24,34
HY,00232-ENGOI-LWAR : ENG OIL SYN BLEN,200, A,,SPORD,0,,,,3.49,4.79,5.63,
HY,00232-19020 : PSF-4 POWER STEERING,203, N,,405,1,,,,8.43,11.56,13.6,8.43
HY,00232-19022 : PAG A/C COMPRESSOR OI,200, N,,BULK,3,,,,17.34,23.77,27.97,52.02
HY,"00232-19033 : BRAKE FLUID, DOT 3, 1",203, N,,405,12,,,,3.46,4.74,5.58,41.52
HY,00232-19034 : RUST PREVENTIVE VG-10,203, A,,BULK,1,,,,14.13,19.37,22.79,14.13
HY,00232-19035 : UNDERCOATING AEROSOL,203, A,,BULK,7,,,,9.38,12.84,15.12,65.66
HY,00232-19037 : 75W-90 GEAR OIL-DIFFE,203, A,,BULK,6,,,,12.17,16.68,19.62,73.02
HY,"00232-19053 : BRAKE FLUID, DOT 4, 1",203, N,,BULK,22,,,,5.54,7.59,8.93,121.88
HY,00232-19061 : RTV SILICONE GRAY GAS,200, A,,405,0,,,,11.51,15.78,18.56,
HY,00232-19063 : MTF-70W DUAL CLUTCH T,200, N,,BULK,5,,,,19.78,23.83,28.03,98.9
HY,00232-19068-WAR : R-1234YF REFRIGER,200, A,,SPORD,0,,,,3.52,4.83,5.68,
HY,"00232-19075 : 75W-85 GEAR OIL, GL-5",200, A,,BULK,16,,,,24.15,33.12,38.96,386.4
HY,00232-19081 : SP-CVT 1,200, A,,BULK,17,,,,12.09,16.58,19.5,205.53
HY,"00232-19097 : 75W-85 GEAR OIL,NON-F",200, A,,BULK,9,,,,18.41,25.24,29.69,165.69
HY,"00232-19098 : PINK, ANTIFREEZE/COOL",200, A,,BULK,19,,,,22.92,31.42,36.97,435.48
HY,00232-19100 : WDCTF HD G GEAR OIL,200, A,,BULK,16,,,,16.31,22.36,26.31,260.96
HY,00232-19101 : WDCTF HD H CONTROL OI,200, N,,BULK,9,,,,18.93,25.95,30.53,170.37
HY,0023219106 : MATTE PAINT KIT,200, A,,SPORD,0,,,,168.24,230.65,271.35,
HY,"00232-19108 : DCT FLUID, TGO-10, 70",200, N,,BULK,8,,,,13.58,18.62,21.9,108.64
HY,00232-19109 : HK TECHNOLOGY ENGINE,200, A,,BULK,36,,,,5.47,7.5,8.82,196.92
HY,00232-19113 : ELECTRIC VEHICLE BATT,200, N,,BULK,9,,,,38.66,53,62.35,347.94
HY,00275-18001 : INTERSTATE BATTERY-H5,200, A,,A2/C00,1,,,,135.56,160.04,188.28,135.56
HY,"00275-28001 : BATTERY, AGM, H5A",201, N,,A2/C00,1,,,,212.78,251.19,295.52,212.78
HY,"005DN-26401-6706 : 245/45R18, 96Y,",212, N,,DRIVE,4,,,,157,189.12,196.25,628
HY,"005GY-76711-3673 : 235/55R19, 105V,",200, A,,DRIVE,0,,,,240,239.06,325,
HY,"005GY-76711-6673 : 245/50R20, 102V,",200, A,,NO BIN,0,,,,258,256.06,350,
HY,005MC-29730 : 235/55R19 101V PRIMAC,200, A,,SPORD,0,,,,257,252.88,321.25,
HY,"005PR-41204-00 : 255/45R20, 105V, S",200, A,,SPORD,0,,,,367,359.12,458.75,
HY,08790-2E250-A : FILTER-AIR,201, N,,400,3,,,,5.4,7.4,8.71,16.2
HY,08790-2G000-A : FILTER-AIR,201, N,,403,2,,,,21.73,29.8,35.06,43.46
HY,08790-2H000-A : AIR FILTER,201, A,,403,1,1,,,21.73,29.8,35.06,21.73
HY,08790-3D000-A : FILTER-AIR,201, N,,401,4,,,,21.73,29.8,35.06,86.92
HY,08790-3M000-A : AIR FILTER,201, N,,402,4,,,,28.63,39.24,46.17,114.52
HY,08950-00020-B : MTF-MANUAL TRANSMIS,203, N,,BULK,27,,,,7.68,10.52,12.38,207.36
HY,09131-N1001-QQH : SEALANT CAP KIT-T,200, A,,SPORD,0,,,,4.24,5.81,6.84,
HY,09147-0X000 : HOOK-TOWING,202, N,,C1/F25,1,,,,5.23,7.17,8.44,5.23
HY,"1HH09-AK012-R : BLADE ASSY-WIPER,RR",200, N,,RACK,6,,,,10.73,14.7,17.3,64.38
HY,"1RH09-AK011-R : BLADE ASSY-WIPER,RR",210, A,,RACK,0,,,,10.46,14.34,16.87,
HY,10225-10003 : NUT-SELF LOCKING,202, N,,B1/G10,4,,,,0.86,1.18,1.39,3.44
HY,10225-10007-K : NUT-SELF LOCKING,200, N,,B1/F06,1,,,,0.75,1.03,1.21,0.75
HY,10225-12007-K : NUT-SELF LOCKING,200, N,,B1/F24,4,,,,1.78,1.9,2.24,7.12
HY,10226-08007-K : NUT(FLANGE),200, A,,B1/G24,7,,,,1.24,1.7,2,8.68
HY,11235-06226-K : BOLT,200, A,,B1/F04,2,,,,0.96,1.32,1.55,1.92
HY,11251-06161 : BOLT-WASHER ASSY,202, N,,B1/F16,4,,,,0.59,0.81,0.95,2.36
HY,11251-08206-BQQH : BOLT(W/WASHER),200, N,,A1/G02,3,,,,0.27,0.37,0.44,0.81
HY,11254-06206-B : BOLT,201, N,,B1/G29,4,,,,0.86,1.18,1.39,3.44
HY,11254-08206-KQQH : BOLT-WASHER ASSY,200, N,,A1/H05,5,,,,0.28,0.38,0.45,1.4
HY,11274-06256-K : BOLT,200, A,,B1/G23,6,,,,1.22,1.67,1.97,7.32
HY,11403-06126-K : BOLT,200, N,,B1/G16,6,,,,0.28,0.38,0.45,1.68
HY,11403-06141 : BOLT,200, N,,B1/F36,6,,,,0.56,0.76,0.9,3.36
HY,11403-06226-B : BOLT,200, N,,B1/I04,5,,,,0.4,0.55,0.65,2
HY,11403-06256-K : BOLT,200, A,,B1/F08,4,,,,0.62,0.85,1,2.48
HY,11403-06606-K : BOLT,200, N,,B1/F02,5,,,,1.14,1.56,1.84,5.7
HY,11403-08146-P : BOLT-FLANGE(8*65),200, N,,B1/F05,14,,,,0.97,1.33,1.56,13.58
HY,11403-08506-K : BOLT,200, A,,B1/G31,9,,,,1.01,1.39,1.63,9.09
HY,11403-08556-K : BOLT,200, N,,B1/G20,5,,,,0.8,1.1,1.29,4
HY,11403-08706-K : BOLT,201, R,,B1/G35,1,,,,1.55,2.12,2.5,1.55
HY,11403-08756-K : BOLT-FLANGE,200, A,,B1/I29,3,,,,1.74,2.39,2.81,5.22
HY,11403-08806-K : BOLT,200, N,,B1/G14,7,,,,1.01,1.39,1.63,7.07
HY,11404-10306-K : BOLT,200, N,,NO BIN,4,,,,1.36,1.86,2.19,5.44
HY,11405-06126-K : BOLT-FLANGE,200, N,,B1/F03,5,,,,0.74,1.01,1.19,3.7
HY,11405-06206-K : BOLT-FLANGE,200, A,,B1/F27,8,,,,0.45,0.62,0.73,3.6
HY,11405-08201 : BOLT-FLANGE,200, N,,B6/G13,8,,,,1.14,1.56,1.84,9.12
HY,11405-08406-K : BOLT-FLANGE,200, N,,B1/J18,1,,,,0.84,1.15,1.35,0.84
HY,11406-10856-K : BOLT,200, N,,B6/F20,5,,,,1.29,1.77,2.08,6.45
HY,11513-08406-K : STUD,200, N,,B1/G19,3,,,,0.8,1.1,1.29,2.4
HY,11533-06186-K : STUD,200, N,,B1/F42,4,,,,0.45,0.62,0.73,1.8
HY,11983-10306-K : BOLT-SEAL RING,200, N,,B1/F03,2,,,,3.74,5.13,6.03,7.48
HY,12203-06167-K : SCREW-MACHINE,200, N,,B1/G15,4,,,,0.92,1.26,1.48,3.68
HY,12210-06257-K : SCREW-MACHINE,200, N,,B1/F39,8,,,,0.58,0.8,0.94,4.64
HY,12294-06203 : SCREW-MACHINE,200, N,,B1/I28,1,,,,0.89,1.22,1.44,0.89
HY,12442-06257-B : SCREW-TAPPING,200, N,,B1/F10,17,,,,0.62,0.85,1,10.54
HY,12493-06207-B : SCREW-TAPPING,201, N,,B1/F30,6,,,,0.61,0.83,0.98,3.66
HY,12493-06207-E : SCREW-TAPPING,200, N,,B1/J17,14,,,,0.61,0.83,0.98,8.54
HY,12493-06257-E : SCREW-TAPPING,200, N,,C1/F11,7,,,,0.58,0.8,0.94,4.06
HY,13180-12000 : NUT,200, N,,B1/G22,2,,,,1.69,2.32,2.73,3.38
HY,13183-12000 : NUT,200, N,,B1/G33,7,,,,2.52,3.45,4.06,17.64
HY,13271-05001 : NUT,200, N,,B1/F13,8,,,,0.52,0.71,0.84,4.16
HY,13385-08007-KQQH : NUT-FLANGE,200, N,,A1/F17,18,,,,0.24,0.33,0.39,4.32
HY,13396-06007-K : NUT-FLANGE,200, N,,B1/F29,13,,,,0.69,0.94,1.11,8.97
HY,13603-14006-K : WASHER-SPRING,203, N,,B1/F17,2,,,,0.31,0.42,0.5,0.62
HY,14160-03133 : RIVET-BLIND,200, N,,B1/J01,10,,,,0.65,0.89,1.05,6.5
HY,14206-08250-B : CLIP,200, A,,B1/H26,209,,,,0.44,0.6,0.71,91.96
HY,14303-06140 : PIN-DOWEL,203, N,,C3/F08,6,,,,0.98,1.34,1.58,5.88
HY,14303-10140 : PIN-DOWEL,200, N,,C3/F25,16,,,,1.32,1.81,2.13,21.12
HY,14611-08003-QQH : RING-RETAINER,200, N,,A1/H04,127,,,,0.25,0.34,0.4,31.75
HY,14720-22006-S : CLIP-HOSE,200, N,,B1/I19,3,,,,1.47,2.01,2.37,4.41
HY,14910-05000 : RETAINER-TAPPING SCRE,200, N,,B1/H20,2,,,,0.56,0.55,0.65,1.12
HY,15717-17123 : PLUG-TAPER,200, N,,B1/F37,5,,,,1.39,1.9,2.24,6.95
HY,15734-20000 : CAP-SEALING,200, N,,C3/F27,1,,,,1.02,1.4,1.65,1.02
HY,17313-12000 : PLUG,200, N,,B1/I25,4,,,,0.45,0.62,0.73,1.8
HY,17371-08518-B : BUMPER-DR OVERSLAM,200, N,,B1/H04,4,,,,0.79,1.08,1.27,3.16
HY,17371-10044-B : BUMPER-T/GATE OVERS,200, N,,A4/J05,2,,,,1.99,2.97,3.49,3.98
HY,17511-16000 : GASKET,200, N,,B1/F35,3,,,,1.05,1.44,1.69,3.15
HY,17512-12000 : GASKET,200, A,,C3/I02,0,,,,1.01,1.39,1.63,
HY,18503-18700-QQH : CRUSH SHIELD,200, N,,A1/G22,1,,,,1.7,2.33,2.74,1.7
HY,18790-01319 : FUSE(180A),200, N,,A4/J11,2,,,,34.31,47.05,55.35,68.62
HY,18790-04930-QQH : FUSE ASSY-TRAILER,200, A,,A1/I08,9,,,,1.12,1.54,1.81,10.08
HY,18846-08060 : PLUG ASSY-SPARK,200, N,,C4/D00,4,,,,21.78,29.86,35.13,87.12
HY,18846-11070 : PLUG ASSY-SPARK,200, A,,C4/D00,2,,,,21.44,29.39,34.58,42.88
HY,18849-09075 : PLUG ASSY-SPARK,200, N,,C4/D00,4,,,,31.79,43.58,51.27,127.16
HY,18849-09085 : PLUG ASSY-SPARK,200, N,,C4/D00,4,,,,31.79,43.58,51.27,127.16
HY,18849-11070 : PLUG ASSY-SPARK,200, A,,C4/E00,4,,,,21.21,29.07,34.2,84.84
HY,18867-09095 : PLUG ASSY-SPARK,200, A,,C4/D00,0,,,,22.43,30.74,36.17,
HY,18875-09085 : PLUG ASSY-SPARK,200, N,,C4/D00,4,,,,23.81,32.64,38.4,95.24
HY,18980-06563 : FUSE-60(A),203, N,,A4/J04,2,,,,4.21,5.78,6.8,8.42
HY,18980-09637 : MULTI FUSE,200, N,,B1/J12,1,,,,26.34,36.11,42.48,26.34
HY,2BF79-AQ000 : FILTER-AIR,210, N,,405,16,,,,21.73,29.8,35.06,347.68
HY,2SF79-AQ000 : FILTER-AIR,200, A,,402,2,,,,21.73,29.8,35.06,43.46
HY,"2VH09-AK009-R : BLADE ASSY-WIPER,RR",200, N,,RACK,5,,,,13.49,18.5,21.76,67.45
HY,"2WH09-AK013-R : BLADE ASSY-WIPER,RR",200, A,,RACK,2,,,,18.32,25.12,29.55,36.64
HY,21101-2EG08-FFHRM : REMAN SUB ENGIN,200, A,,SPORD,0,,,1000,1550,1882.15,2214.29,
HY,21101-2EG18-FFF : ENGINE ASSY-SUB,200, A,,SPORD,0,,,,2200,3016.13,3548.39,
HY,21101-2GK02-QQH : ENGINE ASSY-SUB,201, A,,SPORD,0,,,,1739,2384.11,2804.84,
HY,21101-2GK02-QQH-C : CORE VALUE,200, A,,*NS*,0,,,,1000,1000,1000,
HY,21101-2GK31-QQHRM : REMAN ENGINE-SU,200, A,,SPORD,0,,,1000,1450,1760.72,2071.43,
HY,21101-2GK50-QQHRM : REMAN SUB ENGIN,200, A,,SPORD,0,,,1000,1450,1760.72,2071.43,
HY,21111-2EG02-FFF : SERVICE KIT,200, A,,B2/B,0,,,,62.75,86.03,101.21,
HY,21111-2GK50-QQH : SERVICE KIT,200, A,,B1/E00,1,,,,64.11,87.89,103.4,64.11
HY,21111-2GK51-QQH : SERVICE KIT,200, A,,SPORD,0,,,,43.94,60.22,70.85,
HY,21111-2GK60-QQH : SERVICE KIT,200, A,,SPORD,0,,,,73.03,100.12,117.79,
HY,21111-2GK70-QQH : SERVICE KIT,200, A,,A1/I11,0,,,,36.49,50.03,58.85,
HY,21111-2GK71-QQH : SERVICE KIT,200, A,,SPORD,0,,,,48.66,66.7,78.47,
HY,21111-2GK80-QQH : SERVICE KIT,200, A,,SPORD,0,,,,24.09,33.02,38.85,
HY,21124-2A100 : BUSH-KNOCK,200, N,,C3/F09,4,,,,1.5,2.06,2.42,6
HY,21133-25000 : PLUG-TAPER,200, N,,B1/G02,3,,,,4.06,5.57,6.55,12.18
HY,21144-2E000 : GASKET-RUBBER,200, N,,C3/J12,3,,,,2.44,3.35,3.94,7.32
HY,21152-2G000 : BOLT,200, N,,A4/H17,2,,,,1.98,2.71,3.19,3.96
HY,21156-2E000 : NIPPLE-BYPASS,200, N,,C3/F39,13,,,,6.28,8.61,10.13,81.64
HY,21160-3C711 : COVER ASSY-OIL DRAIN,200, A,,SPORD,0,,,,24.43,33.49,39.4,
HY,21162-3C700 : GASKET-COVER,200, A,,SPORD,0,,,,4.17,5.72,6.73,
HY,21352-3E000 : GASKET-TIMING BELT CO,200, N,,C3/H12,1,,,,6.25,8.57,10.08,6.25
HY,"21354-3C550 : GASKET-OUTLET,RH",200, N,,B1/J16,1,,,,9.37,12.84,15.11,9.37
HY,21354-3E000 : GASKET-TIMING BELT CO,200, N,,C3/H06,1,,,,1.01,1.39,1.63,1.01
HY,21355-2E021 : O-RING,200, N,,B6/G11,4,,,,4.17,5.72,6.73,16.68
HY,21356-2B000 : BOLT-FLANGE,200, A,,B1/F31,3,,,,1.01,1.39,1.63,3.03
HY,21356-2E021 : O-RING,200, N,,A4/I11,4,,,,4.51,6.18,7.27,18.04
HY,21356-3E000 : GASKET-TIMING BELT CO,200, N,,C3/H05,1,,,,1.05,1.44,1.69,1.05
HY,21359-2E000 : BOLT-FLANGE,200, A,,B1/F32,4,,,,2.15,2.95,3.47,8.6
HY,21360-3C500 : NIPPLE,200, N,,B1/I13,1,,,,4.62,6.33,7.45,4.62
HY,21362-3E000 : GASKET-TIMING BELT CV,200, N,,C3/H04,1,,,,7.8,10.69,12.58,7.8
HY,21372-3E000 : GASKET-TIMING BELT CV,200, N,,C3/H03,1,,,,9.21,12.62,14.85,9.21
HY,21382-3E000 : GASKET-TIMING BELT CV,200, N,,C3/H07,1,,,,11,15.08,17.74,11
HY,21390-2G060 : BOLT,200, N,,B1/G27,6,,,,5.71,7.83,9.21,34.26
HY,21392-3E000 : GASKET-TIMING BELT CO,200, N,,C3/H01,1,,,,9.39,12.88,15.15,9.39
HY,21414-2B010 : COVER,200, N,,B6/F15,1,,,,3.66,5.02,5.9,3.66
HY,21421-2B030 : SEAL-OIL,200, N,,B1/J11,1,,,,10.78,14.78,17.39,10.78
HY,21421-2E300 : SEAL-OIL,200, N,,B1/J06,10,,,,10.11,13.86,16.31,101.1
HY,21443-2E110 : SEAL-OIL RR,200, N,,B1/J08,1,,,,26.4,36.19,42.58,26.4
HY,21443-2G000 : SEAL-OIL RR,200, N,,B1/J07,3,,,,24.64,33.78,39.74,73.92
HY,21513-11000 : GASKET-OIL PLUG,201, N,,B1/F34,1,,,,0.87,1.19,1.4,0.87
HY,21513-23001 : GASKET-ENGINE OIL PLU,201, A,,COUNTER,105,,,,1.78,2.44,2.87,186.9
HY,22125-2C000 : STUD,201, N,,B1/G13,6,,,,1.58,2.17,2.55,9.48
HY,22125-23001 : STUD,200, N,,B1/F12,10,,,,1.64,2.25,2.65,16.4
HY,22125-3C200 : STUD,200, N,,B1/F40,12,,,,1.18,1.62,1.9,14.16
HY,22127-03000 : STUD,200, A,,B1/G18,12,,,,1.02,1.4,1.65,12.24
HY,22127-2B000 : STUD,200, A,,B1/F26,5,,,,0.84,1.15,1.35,4.2
HY,22131-2G000 : STUD,200, N,,B1/G12,4,,,,1.12,1.54,1.81,4.48
HY,22131-25000 : STUD,200, N,,B1/G17,4,,,,0.22,0.3,0.35,0.88
HY,22222-2E000 : RETAINER-VALVE SPRING,200, N,,B6/F19,4,,,,0.76,1.05,1.23,3.04
HY,22222-2G600 : RETAINER-VALVE SPRING,200, N,,C3/F01,31,,,,1.86,2.54,2.99,57.66
HY,22223-22001 : LOCK-VALVE SPRING RET,201, N,,C3/G08,2,,,,1.57,2.15,2.53,3.14
HY,22224-2B011 : SEAL-VALVE STEM INLET,200, N,,C3/F32,8,,,,3.64,4.99,5.87,29.12
HY,22224-2G000 : SEAL-VALVE STEM,200, N,,C3/F13,96,,,,1.86,2.55,3,178.56
HY,22224-23500 : SEAL-VALVE STEM,201, N,,C3/F23,40,,,,3.65,5.01,5.89,146
HY,22224-3CAB0 : SEAL-VALVE STEM,200, N,,C3/F02,12,,,,4.63,6.35,7.47,55.56
HY,22226-3CCA0 : TAPPET,200, N,,C3/F22,12,,,,14.61,20.03,23.56,175.32
HY,22311-3CGA5 : GASKET-CYLINDER HEAD,200, N,,C3/L,1,,,,78.79,108.02,127.08,78.79
HY,22321-3CGA0 : BOLT-CYLINDER HEAD,200, N,,B6/G12,4,,,,4.33,5.93,6.98,17.32
HY,22322-2E000 : WASHER-CYLINDER HEAD,200, N,,B1/G06,6,,,,0.69,0.94,1.11,4.14
HY,22322-23010 : WASHER-CYLINDER HEAD,202, N,,B1/F18,5,,,,2.1,2.88,3.39,10.5
HY,22400-3C000-QQH : SERVICE KIT,200, N,,A1/I02,1,,,,5.42,7.43,8.74,5.42
HY,22441-2E210 : GASKET-ROCKER COVER,200, N,,C3/K,1,,,,33.02,45.27,53.26,33.02
HY,22441-2GGB0 : GASKET-ROCKER COVER,200, A,,C3/K00,3,,,,53.97,73.99,87.05,161.91
HY,22441-2G000 : GASKET-ROCKER COVER,200, N,,C3/K,1,,,,27.6,37.84,44.52,27.6
HY,22441-2G670 : GASKET-ROCKER COVER,200, N,,C3/K,1,,,,53.97,73.99,87.05,53.97
HY,"22441-3C110 : GASKET-ROCKER COVER,R",201, N,,C3/K,1,,,,36.86,50.53,59.45,36.86
HY,22441-37110 : GASKET-ROCKER COVER,201, N,,C3/I11,2,,,,23,31.54,37.1,46
HY,22442-2GGB0 : GASKET-FUEL PUMP,200, A,,B6/G04,3,,,,35.3,35.62,41.9,105.9
HY,22443-2B600 : GASKET-ROCKER COVER,200, N,,C3/I10,1,,,,11.61,15.92,18.73,11.61
HY,22443-2E000 : SEAL-OIL,202, A,,B1/J01,0,,,,17.86,24.49,28.81,
HY,22443-23001 : SEAL-OIL,201, N,,B1/J05,1,,,,19.94,27.34,32.16,19.94
HY,"22453-3C120 : GASKET-ROCKER COVER,L",200, N,,C3/K,1,,,,39.78,54.54,64.16,39.78
HY,22453-3C120-QQH : GASKET-ROCKER COV,200, N,,A1/I05,1,,,,9.15,12.55,14.76,9.15
HY,"23121-25050 : SPROCKET-CRKSHF BSM,2",200, N,,C3/F35,1,,,,46.44,63.66,74.9,46.44
HY,23121-25060 : SPROCKET-CRANKSHAFT,200, N,,C3/F34,1,,,,52.02,71.32,83.9,52.02
HY,23124-2B020 : PULLEY-DAMPER,200, N,,C3/E00,1,,,,98.33,134.81,158.6,98.33
HY,23124-2E000 : PULLEY-DAMPER,200, N,,C3/E00,1,,,,98.33,134.81,158.6,98.33
HY,23124-2E003 : PULLEY-DAMPER,200, N,,C2/D00,1,,,,98.33,134.81,158.6,98.33
HY,23125-22020 : KEY-CRANKSHAFT,203, N,,C3/F29,1,,,,1.84,2.52,2.97,1.84
HY,23125-25000 : KEY-CRANKSHAFT,200, N,,C3/F11,5,,,,1.84,2.52,2.97,9.2
HY,23127-2E000 : BOLT-CRANKSHAFT,200, N,,C3/F30,2,,,,15.52,21.28,25.03,31.04
HY,23128-2E000 : PIN-DOWEL,200, N,,C3/F03,4,,,,2.26,3.1,3.65,9.04
HY,24200-2E074 : CAMSHAFT ASSY-EXHAUST,200, A,,SPORD,0,,,,191.65,262.74,309.11,
HY,24312-39800 : BELT-VALVE TIMING,201, N,,A4/D00,1,,,,114.3,156.7,184.35,114.3
HY,24321-2E010 : CHAIN-TIMING,200, A,,SPORD,0,,,,108.04,148.12,174.26,
HY,24349-2E000 : BOLT-T/CHAIN,200, N,,B1/G03,1,,,,3.07,4.21,4.95,3.07
HY,24350-2GGB0 : CVVT ASSY-INTAKE,200, N,,B6/K00,1,,,,480.88,659.28,775.62,480.88
HY,24350-25000 : CVVT ASSY-INTAKE,202, N,,C3/E00,1,,,,181.13,248.33,292.15,181.13
HY,24351-2GGA1 : PLUG,200, A,,B1/H04,0,,,,33.54,45.98,54.1,
HY,24351-2GGB1 : PLUG,200, N,,B1/J21,1,,,,21.81,29.9,35.18,21.81
HY,24355-26710 : OIL CONTROL VALVE ASS,200, N,,C4/C00,1,,,,225.46,309.1,363.65,225.46
HY,24356-25000 : FILTER ASSY-OCV,200, N,,C3/F05,1,,,,7.9,10.83,12.74,7.9
HY,24360-2GGD0 : COVER ASSY,200, A,,C4/C00,0,,,,68.04,93.28,109.74,
HY,24361-25000 : BOLT-CVVT,201, A,,B6/F15,4,,,,1.75,2.4,2.82,7
HY,24370-2E020 : CVVT ASSY-EXHAUST,200, A,,B6/E00,0,,,,226.72,310.83,365.68,
HY,24370-2G000 : CVVT ASSY-EXHAUST,200, N,,C3/E00,1,,,,226.72,310.83,365.68,226.72
HY,24371-2G010 : BRG-EX CAM/SHF UPR ST,200, N,,C3/F17,5,,,,3.19,4.38,5.15,15.95
HY,24371-2G020 : BRG-EX CAM/SHF UPR ST,200, N,,C3/F14,1,,,,2.32,3.18,3.74,2.32
HY,24372-2G000 : BRG-EX CAM/SHF LWR ST,200, N,,C3/F19,1,,,,2.32,3.18,3.74,2.32
HY,24372-2G021 : BRG-EX CAM/SHF LWR ST,200, N,,C3/F16,1,,,,2.32,3.18,3.74,2.32
HY,24375-2G200 : OIL FLOW CONTROL VALV,200, N,,C4/C00,1,,,,145.43,199.38,234.56,145.43
HY,24375-2G500 : OIL FLOW CONTROL VALV,202, N,,C4/C00,1,,,,148.47,203.55,239.47,148.47
HY,24410-2E000 : TENSIONER ASSY-TIMING,200, A,,C3/F37,0,,,,79.79,109.39,128.69,
HY,24410-23400 : TENSIONER ASSY-VLV TI,202, N,,C3/F38,1,,,,96.77,132.67,156.08,96.77
HY,24430-2J000 : GUIDE-CHAIN,200, A,,SPORD,0,,,,19.16,26.26,30.9,
HY,24471-2G050 : GUIDE-OIL PUMP,200, N,,C3/F28,1,,,,9.44,12.95,15.23,9.44
HY,24610-2E000 : ADJUSTER ASSY-ROCKER,200, N,,C3/G01,1,,,,16.47,22.58,26.56,16.47
HY,24840-37120 : ARM ASSY-TENSIONER,202, N,,C3/E00,1,,,,102.8,140.94,165.81,102.8
HY,25100-2B700 : PUMP ASSY-COOLANT,200, N,,B6/K00,1,,,,111.5,152.86,179.84,111.5
HY,25100-2S000 : PUMP ASSY-COOLANT,200, N,,C2/F00,1,,,,216.89,297.35,349.82,216.89
HY,25100-38200 : PUMP ASSY-COOLANT,202, N,,B6/K00,1,,,,142.8,195.77,230.32,142.8
HY,25100-39012 : PUMP ASSY-COOLANT,202, N,,B6/K00,1,,,,229.52,314.66,370.19,229.52
HY,25124-2E000 : GASKET-WATER PUMP,200, A,,C3/H09,0,,,,6.61,9.06,10.66,
HY,25124-2G500 : GASKET-WATER PUMP,200, N,,C3/I04,2,,,,9.63,13.2,15.53,19.26
HY,25124-2M800 : GASKET-WATER PUMP,200, A,,SPORD,0,,,,6.89,9.44,11.11,
HY,25124-3C200 : BOLT-FLANGE,200, N,,B1/G08,4,,,,0.72,0.99,1.16,2.88
HY,25124-39010 : GASKET-WATER PUMP,202, N,,C3/L,1,,,,18.5,25.36,29.84,18.5
HY,25130-2S000 : GASKET-WATER PUMP,200, A,,C3/G13,1,,,,7.94,10.89,12.81,7.94
HY,25130-25002 : GASKET-WATER PUMP,200, N,,C3/I20,2,,,,9.39,12.88,15.15,18.78
HY,25156-2M000 : BOLT-FLANGE,200, A,,SPORD,0,,,,1.14,1.56,1.84,
HY,25212-2E300 : RIBBED BELT-V,200, A,,C3/E00,1,,,,36.8,50.45,59.35,36.8
HY,25212-2GGA1 : RIBBED BELT-V,200, A,,C3/E00,0,,,,51.38,70.44,82.87,
HY,25212-2G100 : RIBBED BELT-V,202, N,,A4/D00,1,,,,56.5,77.46,91.13,56.5
HY,25212-2S000 : RIBBED BELT-V,200, N,,C2/F00,1,,,,29.03,39.8,46.82,29.03
HY,25212-2S050 : BELT-WATER PUMP,200, N,,C2/F00,1,,,,19.03,26.1,30.7,19.03
HY,25231-2E000 : FAN-COOLING,200, N,,C2/B00,1,,,,41.76,57.25,67.35,41.76
HY,25237-3F000 : WASHER,200, N,,B1/G11,1,,,,3.99,5.47,6.44,3.99
HY,25318-38000 : PLUG-RADIATOR DRAIN,201, N,,B1/H15,1,,,,3.44,4.72,5.55,3.44
HY,25328-B1000-QQH : LABEL-RADIATOR CA,200, A,,A1/I04,0,,,,0.79,1.08,1.27,
HY,25385-2E000 : RESISTOR,200, N,,A4/K,1,,,,96.43,132.2,155.53,96.43
HY,25385-4R000-QQH : RESISTOR,200, N,,A1/G04,1,,,,6.75,9.25,10.89,6.75
HY,25395-3F000 : BOLT,200, N,,B1/I27,3,,,,3.06,4.2,4.94,9.18
HY,25452-2B000 : GASKET-HEATER PIPE,200, N,,C3/J26,1,,,,1.89,2.59,3.05,1.89
HY,25462-2S000 : O-RING,200, A,,B1/I17,5,,,,1.12,1.54,1.81,5.6
HY,25462-2S500 : O-RING,200, N,,A4/I07,9,,,,1.87,2.57,3.02,16.83
HY,25462-21010 : O-RING,201, N,,A4/I13,30,,,,0.92,1.26,1.48,27.6
HY,25462-35504 : O-RING,201, A,,A4/I03,0,,,,2.94,4.03,4.74,
HY,25463-25000 : GASKET-W/INLET PIPET,200, N,,C3/J20,1,,,,6.06,8.3,9.77,6.06
HY,25470-2G050 : PIPE & HOSE ASSY-OIL,200, N,,A4/D00,1,,,,24.09,33.02,38.85,24.09
HY,25470-2G050-QQH : TUBE ASSY-OIL COO,200, A,,A1/E00,1,,,,21.32,29.23,34.99,21.32
HY,25470-2G650-QQH : TUBE ASSY-OIL COO,200, A,,B2/F00,1,,,,21.32,29.23,34.39,21.32
HY,25480-2E000 : HOSE ASSY-HEATER PIPE,200, N,,B6/J01,1,,,,14.45,19.81,23.31,14.45
HY,25500-2E000 : THERMOSTAT ASSY,200, N,,C1/K,14,,,,20.94,28.71,33.78,293.16
HY,25500-3L300 : THERMOSTAT ASSY,200, A,,B6/C00,1,,,,168.48,230.99,271.75,168.48
HY,25600-2J110 : INTEGRATED THERMAL-MA,200, A,,B1/B00,0,,,,169.76,232.74,273.81,
HY,25600-2S001-QQH : INTEGRATED THERMA,200, A,,B1/B00,0,,,,115.29,158.06,185.95,
HY,25612-35511 : GASKET-W/OUTLET FITTI,201, N,,C3/I24,2,,,,4.35,5.97,7.02,8.7
HY,25623-2B000 : O-RING,200, N,,C3/J18,2,,,,3.63,4.97,5.85,7.26
HY,25623-2E000 : O-RING,200, N,,B6/G10,1,,,,2.37,3.25,3.82,2.37
HY,25623-2J000 : GASKET-THERMOSTAT HOU,200, N,,C3/I16,1,,,,42.6,58.4,68.71,42.6
HY,25625-D3000 : O-RING,200, N,,B6/F16,1,,,,3.04,4.16,4.9,3.04
HY,25640-3L300 : GASKET-COOLANT INLET,200, A,,B6/I05,0,1,,,7.32,10.04,11.81,
HY,25641-2G500 : GASKET-THERMOSTAT HOU,200, N,,C3/I05,4,,,,4.47,6.13,7.21,17.88
HY,25642-2G500 : GASKET-THERMOSTAT HOU,200, N,,C3/I06,3,,,,2.94,4.03,4.74,8.82
HY,25651-3CAA0 : GASKET-THERMOSTAT HOU,202, A,,SPORD,0,,,,8.34,11.43,13.45,
HY,25652-3CAA0 : GASKET-THERMOSTAT HOU,202, A,,SPORD,0,,,,8.34,11.43,13.45,
HY,25653-3CAA0 : GASKET-WATER PIPE,202, A,,SPORD,0,,,,1.86,2.55,3,
HY,"26H09-AK013-R : BLADE ASSY-WIPER,RR",200, N,,RACK,9,,,,10.46,14.34,16.87,94.14
HY,26250-2E031 : SCREEN ASSY-OIL,200, N,,C2/I00,1,,,,44.87,61.51,72.37,44.87
HY,26259-2B000 : GASKET-OIL SCREEN,200, N,,C3/I12,1,,,,2.04,2.8,3.29,2.04
HY,26259-2E020 : GASKET-OIL SCREEN,200, N,,C3/I21,1,,,,0.75,1.03,1.21,0.75
HY,26259-35510 : GASKET-OIL SCREEN,200, N,,C3/I19,1,,,,3.85,5.28,6.21,3.85
HY,26300-3LAA0 : COMPLETE ASSY-OIL FIL,200, A,,SPORD,0,,,,180.03,246.81,290.37,
HY,26300-3LAA1 : COMPLETE ASSY-OIL FIL,200, A,,B1/B00,1,,,,173.72,238.16,280.19,173.72
HY,26300-35505 : FILTER ASSY-ENGINE OI,200, A,,421,28,40,,,5.05,6.93,8.15,141.4
HY,26320-3CAA0 : SERVICE KIT-OIL FILTE,201, A,,422,7,,,,9.29,12.74,14.99,65.03
HY,26320-3CKB0 : SERVICE KIT-OIL FILTE,200, A,,422,37,,,,8,10.96,12.9,296
HY,26320-3C100 : SERVICE KIT-OIL FILTE,201, A,,423,49,,,,9.29,12.74,14.99,455.21
HY,26320-3C250 : SERVICE KIT-OIL FILTE,201, A,,423,32,,,,9.29,12.74,14.99,297.28
HY,26320-3C30A : SERVICE KIT-OIL FILTE,201, A,,421,10,,,,9.29,12.74,14.99,92.9
HY,26320-3F500 : SERVICE KIT-OIL FILTE,200, A,,422,3,,,,9.29,12.74,14.99,27.87
HY,26320-3LTA0 : SERVICE KIT-OIL FILTE,200, A,,421,2,,,,8,10.96,12.9,16
HY,26320-3N000 : SERVICE KIT-OIL FILTE,200, A,,423,38,,,,9.29,12.74,14.99,353.02
HY,"26345-3CAB1 : OIL SEAL,RR",200, N,,C3/J25,1,,,,3,4.11,4.84,3
HY,26345-3LAA0 : SEAL-OIL,200, A,,B1/I13,0,,,,4.38,6,7.06,
HY,26350-2J001 : SERVICE KIT-OIL FILTE,200, A,,421,19,,,,10.56,14.48,17.03,200.64
HY,26350-2M000 : SERVICE KIT-OIL FILTE,200, A,,423,65,,,,8,10.96,12.9,520
HY,26350-2S001 : SERVICE KIT-OIL FILTE,200, A,,422,30,24,,,10.56,14.48,17.03,316.8
HY,263502T000 : OIL FILTER,200, A,,423,9,,,,9.36,15,15,84.24
HY,26351-3C100 : CAP-OIL FILTER,202, N,,C2/F00,1,,,,6.07,8.32,9.79,6.07
HY,26351-3C250 : CAP-OIL FILTER,202, N,,C2/F00,1,,,,6.07,8.32,9.79,6.07
HY,26410-2B740 : COOLER ASSY-ENG OIL,200, N,,C4/C00,1,,,,121.72,166.87,196.32,121.72
HY,26510-26630 : CAP-OIL FILLER,200, N,,B6/F14,1,,,,15.18,20.81,24.48,15.18
HY,26611-2G050-QQH : ROD ASSY-OIL LEVE,200, N,,A1/E00,3,,,,3.68,5.05,5.94,11.04
HY,27410-23700 : PLUG ASSY-SPARK,201, N,,C4/D00,6,,,,17.35,23.78,27.98,104.1
HY,27410-37100 : PLUG ASSY-SPARK,201, N,,C4/D00,8,,,,17.35,23.78,27.98,138.8
HY,28110-L0400 : CLEANER ASSY-AIR,200, N,,B7/A00,1,,,,149.77,205.33,241.56,149.77
HY,28113-AA670 : FILTER-AIR CLEANER,200, A,,410,15,,,,25,34.28,40.33,375
HY,28113-A9100 : FILTER-AIR CLEANER,200, A,,413,30,,,,21.54,29.54,34.75,646.2
HY,28113-BE000 : FILTER-AIR CLEANER,200, A,,411,2,,,,18.8,25.77,30.32,37.6
HY,28113-BY100-AS : FILTER-AIR CLEANER,200, A,,414,5,,,,26.89,36.86,43.37,134.45
HY,28113-B1000 : FILTER-AIR CLEANER,200, N,,415,3,,,,25.88,35.48,41.74,77.64
HY,28113-C1100 : FILTER-AIR CLEANER,200, A,,412,2,,,,17.92,24.57,28.91,35.84
HY,28113-C1500-AS : FILTER-AIR CLEANER,200, N,,414,4,,,,21.1,28.93,34.03,84.4
HY,28113-DU000 : FILTER-AIR CLEANER,200, N,,415,3,,,,21.54,29.54,34.75,64.62
HY,28113-D3300 : FILTER-AIR CLEANER,200, A,,413,8,,,,20.6,28.25,33.23,164.8
HY,28113-F2000 : FILTER-AIR CLEANER,200, A,,413,3,,,,21.54,29.54,34.75,64.62
HY,28113-G2700 : FILTER-AIR CLEANER,200, A,,410,3,,,,17.58,24.11,28.36,52.74
HY,28113-H8100 : FILTER-AIR CLEANER,200, N,,412,5,,,,19.71,27.02,31.79,98.55
HY,28113-K2100 : FILTER-AIR CLEANER,200, A,,413,8,,,,17.92,24.57,28.91,143.36
HY,28113-L1000 : FILTER-AIR CLEANER,200, A,,415,4,4,,,19.75,27.07,31.85,79
HY,28113-L5100 : FILTER-AIR CLEANER,200, A,,412,5,,,,18.81,25.79,30.34,94.05
HY,28113-N9000 : FILTER-AIR CLEANER,200, A,,411,4,,,,33.52,45.96,54.07,134.08
HY,28113-P0400 : FILTER-AIR CLEANER,200, A,,410,9,,,,17.92,24.57,28.91,161.28
HY,28113-S0100 : FILTER-AIR CLEANER,200, N,,410,2,,,,38.26,52.46,61.72,76.52
HY,28113-1R100-AS : FILTER-AIR CLEANER,201, A,,412,3,,,,17.58,24.11,28.36,52.74
HY,28113-2B000 : FILTER-AIR CLEANER,201, A,,410,1,,,,17.92,24.57,28.91,17.92
HY,28113-2P100 : FILTER-AIR CLEANER,201, A,,411,18,,,,19,26.05,30.65,342
HY,28113-2S000 : FILTER-AIR CLEANER,201, A,,411,3,,,,19.71,27.02,31.79,59.13
HY,28113-2W100 : FILTER-AIR CLEANER,201, A,,415,3,,,,18.64,25.55,30.06,55.92
HY,28113-3M000 : FILTER-AIR CLEANER,201, N,,412,3,,,,25.88,25.79,30.34,77.64
HY,28113-3X000 : FILTER-AIR CLEANER,201, A,,412,1,,,,18.98,26.02,30.61,18.98
HY,28113-4D000 : FILTER-AIR CLEANER,201, N,,415,3,,,,17.92,24.57,28.91,53.76
HY,28115-C1500 : COVER,200, N,,C2/D00,1,,,,11.46,15.71,18.48,11.46
HY,28127-B1000 : ELEMENT ASSY-AIR CLEA,200, N,,412,2,,,,25.88,35.48,41.74,51.76
HY,28128-B1000 : ELEMENT ASSY-AIR CLEA,200, N,,412,2,,,,25.88,35.48,41.74,51.76
HY,28215-3CFA0 : GASKET-INLET MANIFOLD,200, A,,C3/J11,0,,,,12.54,17.2,20.23,
HY,28215-3CFB0 : GASKET-WATER VENT,200, N,,B1/H13,1,,,,12.7,17.41,20.48,12.7
HY,28231-2B760 : TURBOCHARGER,200, A,,A4/A00,0,,,,952.18,1305.4,1535.77,
HY,28231-2G411 : SNAP-RING,200, N,,B1/I07,2,,,,8.76,12.01,14.13,17.52
HY,28240-2G411-QQH : OIL FEED HOSE SER,200, N,,A1/F18,1,,,,19.62,26.9,31.65,19.62
HY,28241-2B710 : GASKET-T/C OIL FEED,200, A,,C3/H19,0,,,,4.73,6.49,7.63,
HY,28246-2B710 : GASKET-OIL DRAIN,200, A,,B1/F21,0,,,,4.51,6.18,7.27,
HY,28246-2C400 : GASKET-T/C OIL DRAIN,201, N,,C3/J27,6,,,,3.22,4.41,5.19,19.32
HY,28247-2B700 : GASKET-T/C OIL DRAIN,200, A,,B1/F38,0,,,,3.44,4.72,5.55,
HY,28282-2B700 : GSKET-TUBOCHARGER COU,200, A,,C3/I25,0,,,,15.71,21.54,25.34,
HY,28312-2E000 : GASKET-THROTTLE BODY,202, N,,C3/J04,1,,,,4.22,5.79,6.81,4.22
HY,28312-2G000 : GASKET-THROTTLE BODY,200, N,,C3/J22,1,,,,7.93,10.87,12.79,7.93
HY,28312-2G700 : GASKET-THROTTLE BODY,200, N,,C3/J09,2,,,,7.93,10.87,12.79,15.86
HY,28313-2E000 : GASKET-PORT,200, N,,C3/H08,4,,,,20.78,28.49,33.52,83.12
HY,28313-2G700 : GASKET-INTAKE MANIFOL,201, N,,C3/J06,1,,,,4.57,6.26,7.37,4.57
HY,28313-2M100 : GASKET-THROTTLE BODY,200, A,,SPORD,0,,,,10.04,13.76,16.19,
HY,28314-2M100 : GASKET-INTAKE MANIFOL,200, N,,C3/J04,1,,,,25.21,34.56,40.66,25.21
HY,28314-2M800 : GASKET-INTAKE MANIFOL,200, N,,C3/J03,1,,,,16.59,22.75,26.76,16.59
HY,28411-2M100 : GASKET-INTAKE MANIFOL,200, A,,C3/J05,1,,,,7.96,10.91,12.84,7.96
HY,28411-26900 : GASKET-INTAKE MANIFOL,203, N,,C3/L,1,,,,17.24,23.64,27.81,17.24
HY,28417-2F000 : BOLT,200, N,,B1/G18,2,,,,1.35,1.85,2.18,2.7
HY,28491-2E900 : GASKET-EGR PIPE,200, A,,B1/J18,0,,,,5.03,6.89,8.11,
HY,28491-2E920 : GASKET-EGR PIPE,200, A,,B1/J19,0,,,,15.57,21.34,25.11,
HY,28492-2E900 : GASKET-EGR PIPE,200, A,,B1/J20,1,,,,3.92,5.37,6.32,3.92
HY,28493-2E900 : GASKET-EGR PIPE,200, A,,SPORD,0,,,,3.37,4.62,5.44,
HY,28510-2EPE0 : MANIFOLD CATALYTIC AS,200, A,,B6/L00,1,,,,936.58,1284.02,1510.61,936.58
HY,28515-2B000 : STUD,200, A,,B1/F33,1,,,,4.68,6.42,7.55,4.68
HY,28521-2B700 : GASKET-EXHAUST MANIFO,200, A,,C3/L00,0,,,,16.07,22.03,25.92,
HY,28521-2E000 : GASKET-EXHAUST MANIFO,200, A,,C3/H11,1,,,,6.53,8.95,10.53,6.53
HY,28521-25020 : GASKET-EXHAUST MANIFO,201, N,,C3/L,1,,,,9.94,13.63,16.03,9.94
HY,28521-26600 : GASKET-EXHAUST MANIFO,201, N,,C3/L,2,,,,19.06,26.13,30.74,38.12
HY,28523-2B100 : NUT,200, A,,B1/F28,4,,,,3.88,5.32,6.26,15.52
HY,28600-D3170 : MUFFLER COMPLETE-CENT,200, A,,A3/A00,1,,,,1696.84,2326.31,2736.84,1696.84
HY,28751-1R000 : GASKET-EXHAUST PIPE,200, N,,C3/I15,1,,,,14.33,19.64,23.11,14.33
HY,28751-2B550 : GASKET-EXHAUST PIPE,202, N,,C1/G11,1,,,,11.86,16.26,19.13,11.86
HY,28751-2S000 : GASKET-EXHAUST PIPE,200, A,,C3/H15,1,,,,13.2,18.1,21.29,13.2
HY,28751-2V000 : GASKET-EXHAUST PIPE,200, A,,SPORD,0,,,,14.33,19.64,23.11,
HY,28751-3J000 : GASKET,202, N,,C3/I23,1,,,,15.53,21.29,25.05,15.53
HY,28751-3S000 : GASKET-EXHAUST PIPE,201, N,,C3/H10,1,,,,15.75,21.59,25.4,15.75
HY,28751-3S100 : GASKET-EXHAUST PIPE,201, A,,C3/H10,2,,,,14.32,19.64,23.1,28.64
HY,28764-26000 : GASKET-EXHAUST PIPE,200, N,,C3/I13,1,,,,37.21,51.02,60.02,37.21
HY,28764-28020 : GASKET-EXHAUST PIPE,201, N,,C3/H17,1,,,,13.38,18.34,21.58,13.38
HY,28764-4D250 : GASKET,200, N,,C3/I17,1,,,,20.91,28.67,33.73,20.91
HY,29110-AA000 : PANEL ASSY-UNDER COVE,200, A,,NO BIN,0,,,,77.8,116.02,136.49,
HY,29110-K5000 : PANEL ASSY-UNDER COVE,200, N,,A3/C00,1,,,,129.24,192.73,226.74,129.24
HY,29208 : BLACK GASKET MAKER,200, A,,SPORD,0,,,,20.99,29.38,35.05,
HY,29213-3C010 : BOLT,200, N,,B1/G28,9,,,,12.32,16.89,19.87,110.88
HY,29215-3CFA1 : GASKET-SURGE TANK,200, A,,C3/J01,0,,,,19.5,26.73,31.45,
HY,29217-23603 : BOLT,201, N,,B1/J13,4,,,,1.14,1.56,1.84,4.56
HY,"3JH09-AK014-R : BLADE ASSY-WIPER,RR",210, A,,RACK,6,,,,15.72,21.55,25.35,94.32
HY,3SF79-AQ000 : FILTER-AIR,210, A,,401,4,,,,21.73,29.8,35.06,86.92
HY,31010-3L600 : CAP ASSY-FUEL FILLER,201, A,,C2/D00,1,,,,17.42,23.88,28.09,17.42
HY,31108-2B100 : PACKING-FUEL PUMP,200, N,,B1/J15,1,,,,7.93,10.87,12.79,7.93
HY,31110-0W000 : COMPLETE-FUEL PUMP,201, N,,C2/H00,1,,,,554.4,760.06,894.19,554.4
HY,31116-38201 : HOSE-FUEL PUMP,200, N,,C2/H00,1,,,,20.57,28.2,33.18,20.57
HY,31312-3Q900--DS : TUBE-FUEL FEED,200, N,,C1/L,1,,,,85.93,117.81,138.6,85.93
HY,31336-3Z000 : CLIP-FUEL TUBE,200, N,,B1/H29,1,,,,5.24,7.18,8.45,5.24
HY,31410-B1500-QQH : CANISTER ASSY,200, N,,A1/E00,1,,,,32.58,44.67,52.55,32.58
HY,31410-2V501-QQH : CANISTER REPAIR K,200, N,,A1/K00,1,,,,109.02,149.46,175.84,109.02
HY,31410-4R511-QQH : CANISTER ASSY,200, N,,A1/L00,1,,,,16.89,23.15,27.24,16.89
HY,31410-4R701-QQH : CANISTER REPAIR K,200, N,,A1/K00,1,,,,82.49,113.09,133.05,82.49
HY,31420-N9500 : CANISTER ASSY,200, N,,C1/K00,1,,,,328.7,450.64,530.16,328.7
HY,31420-0A000 : CANISTER ASSY,201, N,,C4/B00,1,,,,225.98,309.81,364.48,225.98
HY,31420-2V509-QQH : BRACKET-KIT,200, N,,A1/F05,1,,,,4.5,6.17,7.26,4.5
HY,31450-4R000-QQH : HEV AIR FILTER CA,200, N,,A1/L00,3,,,,27.27,37.38,43.98,81.81
HY,31450-4R050-QQH : HEV AIR FILTER CA,200, N,,A1/L00,3,,,,16.13,22.12,26.02,48.39
HY,32450-2S168 : LABEL-EMISSION,200, N,,A1/I06,3,,,,3.7,5.07,5.97,11.1
HY,32450-2S172 : LABEL-EMISSION,200, N,,A1/I07,2,,,,3.7,5.07,5.97,7.4
HY,32876-3Q100-QQH : STOPPER-PEDAL,200, N,,A1/H01,10,,,,1,1.37,1.61,10
HY,32876-4B000-QQH : STOPPER-RUBBER,200, N,,A1/F03,10,,,,0.57,0.78,0.92,5.7
HY,35100-3C200 : ETC-ACTUATOR,201, N,,A4/K,1,,,,312.83,255.09,300.11,312.83
HY,35101-3E100 : GASKET-THROTTLE BODY,200, N,,C3/J21,1,,,,2.59,3.55,4.18,2.59
HY,35305-2E510-FFF : FUEL TUBE ASSY,200, A,,A4/E00,1,,,,14.62,20.04,23.58,14.62
HY,35305-2GGA0 : PIPE ASSY-FUEL,200, A,,C2/E00,2,,,,72.2,98.98,116.45,144.4
HY,35305-2G700-QQH : FUEL TUBE ASSY,200, N,,A1/F16,1,,,,52.79,72.38,85.15,52.79
HY,35305-3L100 : PIPE ASSY-FUEL HIGH(F,200, A,,SPORD,0,,,,62.63,85.87,101.02,
HY,35309-04AA0 : CLIP-FUEL INJECTOR,201, N,,A4/G10,2,,,,2.32,3.18,3.74,4.64
HY,35309-2E000 : CLIP-FUEL INJECTOR,200, N,,B6/F13,4,,,,1.58,2.17,2.55,6.32
HY,35309-25000 : CLIP-FUEL INJECTOR,200, N,,B1/I15,1,,,,1.28,1.75,2.06,1.28
HY,35309-3C550 : CLIP-INJECTOR,200, A,,SPORD,0,,,,9.44,12.95,15.23,
HY,35311-2G700 : CLIP-FUEL INJECTOR,200, N,,B1/I16,12,,,,7.17,9.83,11.56,86.04
HY,35312-04AA0 : COMBUSTION SEAL RING,201, N,,B1/G32,1,,,,2.09,2.86,3.37,2.09
HY,35312-2GFA0 : O-RING(INJECTOR),200, N,,B1/G39,2,,,,6.03,8.27,9.73,12.06
HY,35312-2G750 : INJECTOR O-RING KIT,200, N,,A4/I05,2,,,,22.94,31.45,37,45.88
HY,35312-22000 : O-RING,202, N,,A4/I15,40,,,,3.71,5.08,5.98,148.4
HY,35312-3C700 : UPPER O-RING,200, A,,SPORD,0,,,,14.36,19.69,23.16,
HY,35312-3C710 : BACKUP O-RING,200, A,,SPORD,0,,,,25.56,35.05,41.23,
HY,35312-3C720 : TIP SEAL-INJECTOR,200, A,,B1/J23,4,,,,21.03,28.83,33.92,84.12
HY,35313-2B110 : WASHER-INJECTOR BRKT,200, A,,B1/G34,0,,,,5.62,7.7,9.06,
HY,35313-2T000 : TIP SEAL-INJECTOR,200, A,,B6/G08,4,,,,24.88,34.11,40.13,99.52
HY,35313-3C200 : WASHER-INJECTOR BRKT,200, A,,SPORD,0,,,,12.17,16.69,19.63,
HY,35320-2GGA1 : GASKET,200, A,,B6/G11,0,,,,8.07,11.07,13.02,
HY,35320-2GTA0 : PUMP-HIGH PRESSURE,200, A,,C2/H00,1,,,,516.03,707.46,832.31,516.03
HY,35320-2GTA1 : GASKET,201, A,,A4/I14,2,,,,8.07,11.07,13.02,16.14
HY,35322-2GTA0 : O-RING,200, A,,B6/G02,2,,,,1.2,1.65,1.94,2.4
HY,35322-2G700 : O-RING,200, A,,A4/I09,1,,,,1.5,2.06,2.42,1.5
HY,35399-2S133-QQH : INJECTOR SERVICE,200, A,,NO BIN,0,,,,97.92,134.25,157.94,
HY,36100-2E200 : STARTER ASSY,200, N,,C4/E00,1,,,,193.52,265.31,312.13,193.52
HY,36131-2G100-FFF : LEVER,203, N,,A1/H13,2,,,,5.04,6.91,8.13,10.08
HY,36131-26810 : LEVER,200, N,,C3/G02,1,,,,2.31,3.17,3.73,2.31
HY,36400-1XAA0-QQH : ICCU ASSY,200, A,,NO BIN,0,,,,1309.78,1795.67,2112.55,
HY,37300-3C125 : GENERATOR ASSY,200, N,,B6/C00,1,,,,155,212.5,250,155
HY,37300-3C125-QQH : GENERATOR ASSY,200, N,,A1/D,1,,,,155,212.5,250,155
HY,375F2-GI040-QQH : FUSE-HIGH VOLTAGE,200, A,,NO BIN,0,,,,14.04,19.25,22.65,
HY,37514-G2100-QQH : RELAY ASSY-POWER,200, N,,A1/B00,1,,,,133.13,182.52,214.73,133.13
HY,37583-A8000 : RELAY-HIGH VOLTAGE MA,200, N,,B1/L,1,,,,109.36,149.93,176.39,109.36
HY,37583-A8000-QQH : RELAY-HIGH VOLTAG,200, N,,A1/D00,1,,,,86.42,118.41,139.31,86.42
HY,39112-03HE9 : BRACKET-ECU,200, N,,C1/C00,1,,,,34.28,47,55.29,34.28
HY,39180-2B000 : SENSOR-CRANKSHAFT POS,200, N,,A4/G07,1,,,,130.7,179.19,210.81,130.7
HY,39210-2E101 : SENSOR ASSY-OXYGEN,200, N,,C2/D00,1,,,,186.03,255.05,300.06,186.03
HY,39210-2G370 : SENSOR ASSY-OXYGEN,202, N,,B1/L,1,,,,209.75,287.56,338.31,209.75
HY,39210-23950 : SENSOR ASSY-OXYGEN,202, N,,B1/L,1,,,,170.23,233.38,274.57,170.23
HY,"39210-37540 : SENSOR ASSY-OXYGEN,LH",202, N,,B1/L,1,,,,191.58,262.66,309.01,191.58
HY,39220-2J100 : SENSOR ASSY-WATER TEM,200, N,,A4/G02,2,,,,16.48,22.59,26.58,32.96
HY,39250-2E000 : SENSOR ASSY-KNOCK,200, A,,C2/E00,1,,,,36.15,49.56,58.31,36.15
HY,39300-2B100 : SENSOR ASSY-MAP,200, N,,B1/L00,1,,,,118.58,162.57,191.26,118.58
HY,39350-2B030 : SENSOR-CAMSHAFT POSIT,200, N,,A4/G09,2,,,,107.51,147.39,173.4,215.02
HY,41073-2B001 : CONCENTRIC SLAVE CYLI,200, N,,B1/K,9,,,,209.06,286.61,337.19,1881.54
HY,41710-23000 : CYLINDER ASSY-CLUTCH,200, N,,B1/K,1,,,,96.89,132.83,156.27,96.89
HY,43777-37710 : PIN-SNAP,200, N,,B1/I01,2,,,,1.57,2.15,2.53,3.14
HY,4483 : CABIN FILTER,200, A,,SPORD,0,,,,7.95,40,40,
HY,45245-3B110 : SEAL-OIL,200, N,,B1/J02,1,,,,12.12,16.62,19.55,12.12
HY,45245-3B810 : SEAL-OIL,200, N,,C3/G13,1,,,,17.03,23.35,27.47,17.03
HY,45283-3B810 : GASKET-VALVE BODY COV,201, N,,B6/I07,1,,,,36.48,50.01,58.84,36.48
HY,45323-39000 : GASKET-MAGNET PLUG,201, N,,B1/I14,10,,,,1.57,2.15,2.53,15.7
HY,46131-3B600 : SEAL-OIL,200, N,,B1/J09,1,,,,11.25,15.43,18.15,11.25
HY,46158-3B600 : O RING-OIL PUMP,200, N,,B1/I20,1,,,,7.23,9.91,11.66,7.23
HY,46307-3B650 : HARNESS,201, N,,C2/E00,1,,,,122.43,167.85,197.47,122.43
HY,46386-3B900 : SENSOR-OIL TEMPERATUR,200, N,,B6/F04,1,,,,31.39,43.04,50.63,31.39
HY,46780-3R500 : SWITCH HOUSING ASSY,200, N,,A4/J09,1,,,,87.48,119.94,141.1,87.48
HY,47344-39010 : SHAFT-OUTER,200, N,,C3/C00,1,,,,95.15,130.45,153.47,95.15
HY,47800-3B520 : COUPLING ASSY-4WD,200, A,,C4/F00,1,,,,584.18,800.9,942.23,584.18
HY,47800-3B700 : COUPLING ASSY-4WD,200, N,,C2/I00,2,,,,509.36,698.32,821.55,1018.72
HY,47800-4G500 : COUPLING ASSY-4WD,200, A,,NO BIN,0,,,,592.66,812.52,955.9,
HY,"49500-2S200--SJ : SHAFT ASSY-DRIVE,",200, N,,A4/B00,1,,,,460.35,631.12,742.5,460.35
HY,51712-L0000 : DISC-FRONT WHEEL BRAK,200, N,,B7/H,2,,,,130.6,179.05,210.65,261.2
HY,51712-L0100 : DISC-FRONT WHEEL BRAK,200, A,,B7/G00,4,,,,130.6,179.05,210.65,522.4
HY,51712-R5000 : DISC-FRONT WHEEL BRAK,200, N,,B7/H00,2,,,,153.1,209.89,246.93,306.2
HY,51712-2W000 : DISC-FRONT WHEEL BRAK,200, N,,B7/I00,1,,,,123.48,169.29,199.17,123.48
HY,51720-1C000 : BEARING-FRONT WHEEL H,200, N,,C3/D00,1,,,,118.47,162.43,191.09,118.47
HY,51788-3M100 : WASHER-PLAIN,200, A,,B1/J26,1,,,,1.86,2.55,3,1.86
HY,52755-2E000 : BOLT-HUB,202, N,,A4/H22,10,,,,5.69,7.8,9.18,56.9
HY,52755-2G000 : BOLT-HUB,200, N,,A4/H23,10,,,,5.46,7.49,8.81,54.6
HY,52910-A4910 : WHEEL ASSY-TEMPORARY,200, N,,818,1,,,,150.97,206.98,243.5,150.97
HY,52933-C1100 : VALVE-TPMS,200, N,,A4/H07,1,,,,118.74,162.79,191.52,118.74
HY,52933-2F000 : VALVE-TPMS,201, N,,A4/H09,1,,,,44.57,61.11,71.89,44.57
HY,52933-3X200 : VALVE-TPMS,201, N,,A4/H01,1,,,,45.77,62.75,73.82,45.77
HY,52933-31300 : VALVE-TIRE,202, N,,A4/H12,1,,,,1.25,1.72,2.02,1.25
HY,52933-4D300 : STEM-TPMS,202, N,,A4/H03,1,,,,61.97,84.96,99.95,61.97
HY,52933-4D800 : VALVE-TPMS,200, N,,A4/H05,1,,,,133.73,183.34,215.69,133.73
HY,52934-1P000-QQH : MOBILITY KIT-TIRE,200, A,,A1/D00,1,,,,7.42,10.17,11.97,7.42
HY,52934-2F000 : NUT-TPMS,201, N,,A4/H10,1,,,,4.46,6.11,7.19,4.46
HY,52934-3L000 : NUT-TPMS,201, N,,A4/H16,8,,,,14.34,19.66,23.13,114.72
HY,52936-B2100 : STEM-TPMS,200, N,,A4/H08,4,,,,41.55,56.97,67.02,166.2
HY,52937-A5000 : CAP-VALVE,200, N,,A4/H14,6,,,,6.81,9.33,10.98,40.86
HY,52940-AY200 : VALVE-TPMS,200, A,,NO BIN,0,,,,13.71,18.79,22.11,
HY,52940-AY300 : VALVE-TPMS,200, A,,A4/H04,2,,,,19.01,26.06,30.66,38.02
HY,52940-BE000 : VALVE-TPMS,200, N,,A4/H06,4,,,,48.26,66.16,77.84,193.04
HY,52940-L1100 : VALVE-TPMS,200, A,,A4/H13,2,,,,67.7,92.81,109.19,135.4
HY,52950-M1000 : NUT-HUB,201, N,,A4/H18,2,,,,4.94,6.77,7.97,9.88
HY,52950-14140 : NUT-HUB,201, A,,A4/H20,30,,,,5.28,7.24,8.52,158.4
HY,52950-3Y000 : NUT-HUB,200, N,,A4/H24,1,,,,8.26,11.32,13.32,8.26
HY,53050-39100 : SEAL-OIL,200, N,,B1/J04,3,,,,28.8,39.48,46.45,86.4
HY,53072-4G100 : PACKING,200, N,,B1/F41,3,,,,2.77,3.8,4.47,8.31
HY,54519-2T000 : BOLT,200, A,,A4/H21,7,,,,4.02,5.51,6.48,28.14
HY,54530-2B000 : BALL JOINT ASSY-LWR A,201, N,,B6/G05,1,,,,50.28,68.94,81.1,50.28
HY,54530-3S100 : BALL JOINT ASSY-LWR A,200, A,,B6/G01,2,,,,83.27,114.16,134.31,166.54
HY,54553-3R000 : BOLT,200, A,,B1/F07,2,,,,4.17,5.72,6.73,8.34
HY,54559-1F000 : FLANGE NUT-SELF LOCKI,201, A,,B1/F14,5,,,,1.75,2.4,2.82,8.75
HY,54559-2G000 : FLANGE NUT-SELF LOCKI,200, N,,B1/G04,1,,,,2.24,3.07,3.61,2.24
HY,54559-28000 : FLANGE NUT-SELF LOCKI,202, N,,B1/G05,5,,,,0.95,1.3,1.53,4.75
HY,54562-4D000 : BOLT-FLANGE,202, N,,B1/F23,4,,,,7.77,10.65,12.53,31.08
HY,"54620-34001 : SEAT ASSY-SPRING,UPR",200, N,,C3/C00,1,,,,28.19,38.65,45.47,28.19
HY,54631-26000-QQH : SPRING PROTECTOR-,200, N,,A1/K00,3,,,,15.52,21.28,25.03,46.56
HY,"54650-BEFA0 : STRUT ASSY-FR,LH",200, N,,NO BIN,0,1,,,230.12,315.49,371.16,
HY,"54651-BEFA0 : STRUT ASSY-FR,RH",200, N,,NO BIN,0,1,,,230.12,315.49,371.16,
HY,54830-3Q000 : LINK ASSY-FRONT STABI,200, N,,C3/D00,1,,,,74.1,101.59,119.52,74.1
HY,"55220-C2100 : ARM COMPLETE-RR LWR,R",200, N,,C3/D00,1,,,,234.45,321.43,378.15,234.45
HY,55259-2M000 : NUT,200, A,,B1/J22,1,,,,6.3,8.64,10.16,6.3
HY,55263-3R000 : PLATE-LOWER ARM,202, N,,C3/G03,6,,,,3.56,4.88,5.74,21.36
HY,55310-4Z800 : SHOCK ABSORBER ASSY-R,200, N,,C3/B00,1,,,,197.11,183.53,215.92,197.11
HY,55367-S8BD0 : SHOCK ABSORBER ASSY-R,200, N,,C2/G00,1,,,,279.78,383.57,451.26,279.78
HY,55367-S9300 : SHOCK ABSORBER ASSY-R,200, A,,C3/C00,4,,,,262.89,360.42,424.02,1051.56
HY,56115-B1000 : BOLT,200, N,,C3/I20,1,,,,5.74,7.87,9.26,5.74
HY,56315-2K000-FFF : FLEXIBLE COUPLING,200, A,,A1/H07,1,,,,0.78,1.07,1.26,0.78
HY,56340-3Q000-QQH : CONTROLLER ASSY-M,200, N,,A1/D00,1,,,,193.27,264.96,311.72,193.27
HY,56351-G3AAA-FFF : WORM SHAFT ASSY,200, N,,C3/C00,1,,,,46.25,63.41,74.6,46.25
HY,56359-L1AAA-FFF : BEARING KIT,200, A,,A1/G10,1,,,,2.63,3.6,4.24,2.63
HY,56370-K5000-QQH : POWER PACK-ELECTR,200, N,,C4/E00,1,,,,256.95,303.35,356.88,256.95
HY,56415-2H000 : BOLT,200, N,,B1/F01,2,,,,2.02,2.44,2.87,4.04
HY,"56820-G8000 : END ASSY-TIE ROD,LH",200, A,,SPORD,0,,,,126.03,172.78,203.27,
HY,56820-25000 : END ASSY-TIE ROD,202, N,,C3/G06,2,,,,51.32,70.35,82.77,102.64
HY,57231-29100 : BELT'V'-POWER STEERIN,201, N,,A4/D00,1,,,,11.88,16.29,19.16,11.88
HY,57510-38010 : HOSE ASSY-POWER STEER,200, N,,C1/L,1,,,,332.07,455.26,535.6,332.07
HY,57700-2D000-RM : REMAN GEAR & LINKA,200, N,,829,1,,,100,260.25,371.09,454.23,360.25
HY,57799-4D200 : PIN,200, A,,B1/J25,1,,,,0.32,0.44,0.52,0.32
HY,58101-AAA00 : PAD KIT-FRONT DISC BR,200, N,,B7/C00,1,,,,78.79,108.03,127.09,78.79
HY,58101-C2A10 : PAD KIT-FRONT DISC BR,200, N,,B7/E00,1,,,,60.04,82.31,96.84,60.04
HY,58101-D3A11 : PAD KIT-FRONT DISC BR,200, A,,B7/F00,1,,,,71.72,98.32,115.67,71.72
HY,58101-F3A00 : PAD KIT-FRONT DISC BR,200, N,,B7/E00,1,,,,63.87,87.57,103.02,63.87
HY,58101-J3A10 : PAD KIT-FRONT DISC BR,200, N,,B7/E00,1,,,,102.16,140.05,164.77,102.16
HY,58101-J9A15 : PAD KIT-FRONT DISC BR,200, N,,B7/E00,1,,,,113.17,155.15,182.53,113.17
HY,58101-N9A11 : PAD KIT-FRONT DISC BR,200, A,,B7/C00,3,,,,56.2,77.05,90.65,168.6
HY,58101-0WA00 : PAD KIT-FRONT BRAKE,201, N,,B7/F00,1,,,,102.64,140.72,165.55,102.64
HY,58101-1RA00 : PAD KIT-FRONT DISC BR,200, N,,B7/E00,1,,,,60.04,82.31,96.84,60.04
HY,58101-2VA10 : PAD KIT-FRONT DISC BR,200, N,,B7/F00,2,,,,67.72,92.85,109.23,135.44
HY,58101-2VA15 : PAD KIT-FRONT DISC BR,200, N,,B7/E00,1,,,,67.72,92.85,109.23,67.72
HY,58101-2VA20 : PAD KIT-FRONT DISC BR,200, N,,B7/E00,1,,,,67.72,92.85,109.23,67.72
HY,58101-3QA10 : PAD KIT-FRONT DISC BR,201, N,,B7/C00,1,,,,61.8,84.73,99.68,61.8
HY,58164-2E000 : BOOT-GUIDE ROD,200, N,,B6/I03,1,,,,31.39,43.04,50.63,31.39
HY,58272-3F100 : SPRING-SHOE HOLD DOWN,200, N,,B6/I06,1,,,,1.6,2.19,2.58,1.6
HY,58302-D3A00 : PAD KIT-REAR DISC BRA,200, A,,B7/D00,1,,,,71.59,98.15,115.47,71.59
HY,58302-D3A71 : PAD KIT-REAR DISC BRA,200, A,,B7/D00,1,,,,58.15,79.72,93.79,58.15
HY,58302-G2A10 : PAD KIT-REAR DISC BRA,200, N,,B7/E00,1,,,,47.88,65.64,77.22,47.88
HY,58302-H9A10 : PAD KIT-REAR DISC BRA,200, N,,B7/D00,1,,,,47.88,65.64,77.22,47.88
HY,58302-J3A40 : PAD KIT-REAR DISC BRA,200, N,,B7/D00,1,,,,67.72,92.85,109.23,67.72
HY,58302-J9A00 : PAD KIT-REAR DISC BRA,200, A,,SPORD,0,,,,48.15,66.02,77.67,
HY,58302-N9A15 : PAD KIT-REAR DISC BRA,200, A,,B7/D00,1,,,,71.59,98.15,115.47,71.59
HY,58302-S1A30 : PAD KIT-REAR DISC BRA,200, A,,B7/F00,1,,,,62.72,85.99,101.16,62.72
HY,58302-S9A35 : PAD KIT-REAR DISC BRA,200, A,,B7/D00,1,,,,60.97,83.58,98.33,60.97
HY,58302-2HA01 : PAD KIT-REAR DISC BRA,201, N,,B7/D00,2,,,,47.88,65.64,77.22,95.76
HY,58310-2V000-QQH : CALIPER HOUSING K,203, N,,B7/I00,1,,,,141.59,194.11,228.37,141.59
HY,58411-L0100 : DISC-REAR BRAKE,200, A,,B7/F00,2,,,,97.94,134.27,157.97,195.88
HY,58411-R5000 : DISC ASSY-RR BRAKE,200, A,,B6/L00,0,,,,109.63,150.31,176.83,
HY,58411-S1300 : DISC ASSY-RR BRAKE,200, A,,B7/G,0,,,,109.5,150.13,176.62,
HY,58414-36000 : PLUG,203, N,,B1/I09,32,,,,1.52,2.08,2.45,48.64
HY,58531-P2100-QQH : CAP ASSY-RESERVOI,200, N,,A1/F04,1,,,,3.49,4.79,5.63,3.49
HY,58797-1R000 : GASKET(10),200, A,,C3/I01,2,,,,1.56,2.14,2.52,3.12
HY,58799-2D000 : CLIP,202, N,,B1/H23,8,,,,0.26,0.36,0.42,2.08
HY,58920-4Z200-QQH : HYDRAULIC UNIT AS,200, N,,A1/B00,1,,,,565.53,775.33,912.15,565.53
HY,58960-S2AJ0 : SENSOR ASSY-ABS REAR,200, N,,C2/F00,1,,,,165.7,227.17,267.26,165.7
HY,59760-4D000 : CABLE ASSY-PARK BRAKE,201, N,,C1/A00,2,,,,96.12,131.78,155.03,192.24
HY,59770-4D100 : CABLE ASSY-PARKING BR,201, N,,C1/A00,1,,,,191.51,262.56,308.89,191.51
HY,59975-34000 : RING-RETAINER,200, N,,B1/H06,1,,,,2.54,3.48,4.1,2.54
HY,6009L : STEERING WHEEL LOCK,200, A,,A1/L00,0,,,,32.91,53.08,53.08,
HY,62618-17000 : FLANGE NUT,201, A,,B1/G38,5,,,,0.85,1.16,1.37,4.25
HY,64195-B8000 : BOLT,200, N,,B1/G09,7,,,,1.57,2.15,2.53,10.99
HY,69510-4Z000 : DOOR ASSY-FUEL FILLER,202, A,,SPORD,0,,,,46,63.06,74.19,
HY,7047 : OIL FILTER,200, A,,SPORD,0,,,,6.02,18,18,
HY,7173 : OIL FILTER,200, A,,SPORD,0,,,,5.06,7.08,8.45,
HY,78318-0330--DS : PACKING-FUEL PUMP,200, N,,A4/I12,1,,,,10.26,14.07,16.55,10.26
HY,79359-21000 : BOLT,200, N,,B1/F15,3,,,,1.09,1.5,1.76,3.27
HY,81071-L0000 : BUMPER-OVERSLAM,200, N,,B1/J24,2,,,,4.15,6.19,7.28,8.3
HY,81124-2W000 : PAD-HOOD INSULATING,200, N,,B6/A00,1,,,,158.12,235.79,277.4,158.12
HY,81140-D3000 : S/HOOK & REL LEVER AS,200, N,,C1/F22,1,,,,68.46,93.86,110.42,68.46
HY,81141-2W000-QQH : S/HOOK & REL LEVE,200, N,,A1/I03,1,,,,2.17,2.98,3.5,2.17
HY,81181-2B000-9P : HANDLE ASSY-HOOD L,200, N,,C1/F24,1,,,,14.59,20,23.53,14.59
HY,81231-A7030-QQH : BASE-TRUNK LATCH,200, N,,A1/F08,2,,,,4.72,6.47,7.61,9.44
HY,81231-C1010-QQH : LATCH ASSY-TRUNK,200, N,,A1/G09,2,,,,4.66,6.39,7.52,9.32
HY,81231-G9001-QQH : BASE-TRUNK LATCH,201, N,,A1/H15,3,,,,4.26,5.84,6.87,12.78
HY,81231-3V000-QQH : LATCH ASSY-TRUNK,200, N,,A1/G20,2,,,,4.66,6.39,7.52,9.32
HY,81231-3X010-QQH : LATCH-TRUNK LID,200, A,,A1/H14,9,,,,4.37,5.99,7.05,39.33
HY,81310-D3010-FFF : LATCH ASSY-FRONT,200, A,,A4/D00,0,,,,21.34,29.26,34.42,
HY,81310-2W010-QQH : LATCH ASSY-FRONT,203, A,,A1/B00,0,,,,18.61,25.53,30.05,
HY,81385-3B000 : GROMMET-SCREW,200, N,,B1/I24,3,,,,0.51,0.7,0.82,1.53
HY,81420-D3000-FFF : LATCH ASSY-REAR D,201, A,,SPORD,0,,,,21.34,29.26,34.42,
HY,81590-J9000 : CATCH & CABLE ASSY-FU,200, N,,C2/E,1,,,,48.35,66.28,77.98,48.35
HY,81599-3M000 : PACKING-FUEL FILLER D,200, N,,B1/I11,2,,,,0.9,1.23,1.45,1.8
HY,81631-B8000 : MOTOR ASSY-P/ROOF(GLA,200, N,,A4/L,1,,,,390.08,534.79,629.16,390.08
HY,81738-GI000-FFF : PAD,200, N,,A1/I12,57,,,,1.65,2.26,2.66,94.05
HY,81771-GI501-QQH : KIT-TAILGATE BUMP,200, A,,NO BIN,1,,,,5.28,7.24,8.52,5.28
HY,81779-CV000 : BUMPER-T/GATE BODY SI,200, N,,A1/I12,2,,,,16.7,24.9,29.3,33.4
HY,81831-S1101-QQH : LOCTITE 401,200, N,,A1/C00,2,,,,3.42,4.69,5.52,6.84
HY,81831-S1102-QQH : SYRINGE,200, N,,A1/C00,2,,,,0.15,0.2,0.24,0.3
HY,81919-31000 : BOLT-SAFETY LOCK,201, N,,B1/F16,5,,,,3.04,4.16,4.9,15.2
HY,81921-AA000-QQH : PROTECTOR KIT,200, N,,B6/E00,2,,,,6.75,9.26,10.89,13.5
HY,81921-A5000-QQH : PROTECTOR KIT,200, N,,B6/D00,2,,,,6.68,9.15,10.77,13.36
HY,81921-C2000-QQH : PROTECTOR KIT,200, N,,B6/E00,5,,,,6.75,9.26,10.89,33.75
HY,81921-K2000-QQH : PROTECTOR KIT,200, N,,B6/E00,5,,,,7.35,10.07,11.85,36.75
HY,81921-N9000-QQH : PROTECTOR KIT,200, N,,B6/D00,1,,,,6.6,9.05,10.65,6.6
HY,81921-0W000-QQH : PROTECTOR KIT,200, A,,A1/D00,1,,,,6.04,8.28,9.74,6.04
HY,81921-1E000-QQH : PROTECTOR KIT,200, N,,A1/D00,1,,,,6.04,8.28,9.74,6.04
HY,81921-1R000-QQH : PROTECTOR KIT,200, A,,B6/D00,21,,,,6.04,8.28,9.74,126.84
HY,81921-2L000-QQH : PROTECTOR KIT,200, N,,A1/D00,2,,,,6.17,8.46,9.95,12.34
HY,81921-2M000-QQH : PROTECTOR KIT,200, N,,B6/D00,1,,,,6.04,8.28,9.74,6.04
HY,81921-2S000-QQH : PROTECTOR KIT,200, N,,B6/E00,5,,,,6.6,9.05,10.65,33
HY,81921-3J000-QQH : PROTECTOR KIT,200, N,,A1/C00,2,,,,6.04,8.28,9.74,12.08
HY,81921-3Q000-QQH : PROTECTOR KIT,200, N,,B6/E00,5,,,,6.6,9.05,10.65,33
HY,81921-3X000-QQH : PROTECTOR KIT,200, N,,B6/E00,4,,,,6.04,8.28,9.74,24.16
HY,81921-3X500-QQH : PROTECTOR KIT,200, N,,B6/E00,5,,,,6.75,9.26,10.89,33.75
HY,81926-C7000 : PIN,200, A,,C3/F31,6,,,,2.16,2.96,3.48,12.96
HY,81926-J9000 : PIN,200, N,,C3/F08,4,,,,0.96,1.32,1.55,3.84
HY,81926-2L000 : PIN,201, N,,C3/F10,1,,,,2.16,2.96,3.48,2.16
HY,81995-AA500 : PROTECTOR-KEY,200, N,,A4/F26,1,,,,28.23,38.7,45.53,28.23
HY,81996-KL010 : KEY-BLANKING PIC,200, A,,SPORD,0,,,,17.1,23.44,27.58,
HY,81996-S1030 : KEY-BLANKING PIC,200, A,,A4/F07,1,,,,39.82,54.6,64.23,39.82
HY,81996-1R000 : KEY-BLANKING (LASER C,201, N,,A4/F17,2,,,,5.95,8.16,9.6,11.9
HY,81996-2B000 : KEY-BLANKING,201, N,,A4/F23,9,,,,21.1,28.93,34.03,189.9
HY,81996-2E020 : KEY-BLANKING,202, N,,A4/F20,6,,,,16.27,22.3,26.24,97.62
HY,81996-2H000 : KEY-BLANKING,201, A,,A4/F24,3,,,,21.1,28.93,34.03,63.3
HY,81996-29000 : KEY-BLANKING,201, N,,A4/F02,2,,,,21.1,28.93,34.03,42.2
HY,81996-3K000 : KEY-BLANKING,201, N,,A4/F05,8,,,,24.21,33.19,39.05,193.68
HY,81996-3S000 : KEY-BLANKING-(LASER C,201, N,,A4/F06,5,,,,15.37,21.07,24.79,76.85
HY,82191-1E010 : BUMPER-DR OVERSLAM,200, N,,B1/H03,1,,,,2.55,3.49,4.11,2.55
HY,82230-N9000 : W/STRIP-FR DR BELT I/,200, N,,C1/B00,1,,,,37.26,51.08,60.1,37.26
HY,82231-S8000-QQH : W/STRIP-FR DR BEL,200, N,,A1/B00,2,,,,4.31,5.91,6.95,8.62
HY,82240-N9000 : W/STRIP-FR DR BELT I/,200, N,,C1/B00,1,,,,37.26,51.08,60.1,37.26
HY,82259-S1001-QQH : CLIP-MOUNTING,200, N,,A1/F02,1,,,,0.18,0.25,0.29,0.18
HY,82280-J9000 : COVER ASSY-FR DR FRAM,200, N,,B6/F04,1,,,,3.65,5.01,5.89,3.65
HY,82315-2P000 : FASTENER-DR TRIM,200, N,,B1/H07,16,,,,1.66,2.28,2.68,26.56
HY,82315-33020 : FASTENER-DR TRIM,201, N,,B1/H27,32,,,,1.57,2.15,2.53,50.24
HY,82360-2B000-J9 : ARMREST ASSY-FR DR,200, N,,B6/B00,1,,,,140.2,192.21,226.13,140.2
HY,82450-D3010 : MOTOR ASSY-FRONT POWE,200, N,,B6/C00,1,,,,145.79,199.88,235.15,145.79
HY,82460-2W020 : MOTOR ASSY-FRONT POWE,200, N,,A4/L,1,,,,107.35,147.18,173.15,107.35
HY,82473-3K000 : T/SCREW,200, N,,B1/G37,1,,,,1.6,2.19,2.58,1.6
HY,82532-S8000-QQH : PAD-GLASS RUN,200, N,,A1/G12,2,,,,0.35,0.48,0.56,0.7
HY,82610-3D010-QQH : HANDLE ASSY-DOOR,203, N,,A1/D00,1,,,,7.64,10.47,12.32,7.64
HY,82652-AA100 : COVER-FR DR O/S HDL L,200, N,,B1/I01,1,,,,13.53,18.55,21.82,13.53
HY,"82652-2H000 : COVER-FR DR O/S HDL,D",202, N,,C1/F20,1,,,,12.61,17.29,20.34,12.61
HY,828A0-K5000-ASQQH : SERVICE KIT-TON,200, A,,SPORD,0,,,,100.81,138.21,162.6,
HY,83850-GI010 : MOULDING ASSY-RR DR F,200, N,,SPORD,1,,,,88.78,121.71,143.19,88.78
HY,83912-C1000 : HOOK-REAR DOOR CURTAI,200, N,,B6/F06,1,,,,6.11,8.37,9.85,6.11
HY,83917-S8000-CA : HOOK-REAR DOOR CUR,200, A,,B6/F08,1,,,,7.3,6.31,7.42,7.3
HY,84145-26000 : NUT-PLUG,200, N,,B1/G21,5,,,,0.88,1.21,1.42,4.4
HY,84145-26001 : NUT-PLUG,200, N,,B1/H24,30,,,,0.85,1.16,1.37,25.5
HY,84270-F2100-NNB : HOOK-CAR MAT,200, N,,B1/H23,2,,,,11.17,15.32,18.02,22.34
HY,84647-3S000 : CLIP-SPRING TRIM MTG,200, N,,B1/H08,5,,,,0.29,0.4,0.47,1.45
HY,84747-1C000 : CLIP-TRIM MTG,200, N,,B1/H25,3,,,,0.46,0.63,0.74,1.38
HY,85130-26000 : COVER-RR VIEW INSIDE,200, N,,B6/I07,1,,,,1.39,1.9,2.24,1.39
HY,85235-3X000-8M : RETAINER-SUNVISOR,200, N,,B6/F03,4,,,,9.54,13.08,15.39,38.16
HY,85318-J3000-QQH : NOISE PREVENTION,200, N,,A1/G06,3,,,,1.1,1.5,1.77,3.3
HY,85410-C2000-TTX : HEADLINING ASSY,200, N,,A3/A00,1,,,,1839,2521.21,2966.13,1839
HY,85418-C1000 : CLIP-TRIM MTG,200, N,,B1/H12,26,,,,2.75,3.77,4.44,71.5
HY,85746-3L000-TX : PLUG-TRIM MOUNTING,201, N,,B1/H21,8,,,,0.67,0.92,1.08,5.36
HY,85746-3L000-TXQQH : PLUG-TRIM MOUNT,200, N,,A1/H09,18,,,,0.37,0.51,0.6,6.66
HY,85746-3Y000-MMH : PLUG,200, N,,A1/G19,2,,,,1.17,1.61,1.89,2.34
HY,85815-C1100 : CLIP-TRIM MTG,200, N,,B1/H02,2,,,,4.66,6.39,7.52,9.32
HY,85815-3S100-QQH : CLIP-TRIM MTG,203, N,,A1/H11,15,,,,0.77,1.05,1.24,11.55
HY,85815-3S400 : CLIP-TRIM MTG,202, N,,B1/H24,20,,,,3.58,4.9,5.77,71.6
HY,"85829-S8000 : CAP-FRONT PLR MTG,RH",200, N,,B1/I26,1,,,,5.07,6.95,8.18,5.07
HY,85849-3L000 : CLIP-TRIM MTG,202, N,,B1/I02,4,,,,0.4,0.55,0.65,1.6
HY,85859-3S100 : CLIP-TRIM MTG,200, N,,B1/H17,4,,,,0.56,0.76,0.9,2.24
HY,86114-3D000 : PAD-WINDSHIELD GLASS,200, N,,C1/F04,20,,,,1.3,1.94,2.28,26
HY,86115-22000 : BASE-IINSIDE REAR VIE,200, N,,B6/F22,1,,,,13.83,18.96,22.31,13.83
HY,"86120-P6000 : MOULDING-WINDSHIELD,U",200, N,,C2/G00,1,,,,20.48,30.54,35.93,20.48
HY,"86121-AB000 : MOULDING-WINDSHIELD,U",200, N,,A4/C00,1,,,,21.83,32.56,38.3,21.83
HY,"86121-N9000 : MOULDING-WINDSHIELD,U",200, A,,SPORD,0,,,,27.09,40.4,47.53,
HY,"86130-G8010 : MOULDING-WINDSHIELD,U",200, N,,C1/B00,1,,,,18.06,26.93,31.68,18.06
HY,86155-2H100 : RETAINER-COWL TOP COV,201, N,,B1/I05,48,,,,2.11,3.14,3.7,101.28
HY,86361-38001 : TAPE-FR DR BLACK SASH,200, N,,C1/C00,1,,,,27.56,41.1,48.35,27.56
HY,86363-38002 : TAPE-FR DR BLACK FRAM,200, N,,C1/C00,1,,,,27.53,41.06,48.3,27.53
HY,86513-3V000 : BRACKET-FR BUMPER SID,200, N,,C1/F24,2,,,,13.57,18.61,21.89,27.14
HY,86519-L0300 : MOULDING-FRT BPR LICE,200, N,,C1/D00,1,,,,23.36,34.83,40.98,23.36
HY,86519-S2000 : MOULDING-FRT BPR LICE,200, N,,B2/G00,1,,,,26.1,38.92,45.79,26.1
HY,86519-S2500 : MOULDING-FRT BPR LICE,200, A,,SPORD,0,,,,25.01,37.3,43.88,
HY,86590-28000 : RETAINER ASSY-BUMPER,201, N,,B1/I06,14,,,,2.25,3.09,3.63,31.5
HY,86593-24000 : CLIP,201, N,,B1/J14,3,,,,2.04,2.8,3.29,6.12
HY,86595-2T500 : CLIP,200, N,,B1/I12,3,,,,0.75,1.03,1.21,2.25
HY,86667-4Z000 : CAP-RR HOOK,200, N,,B6/F17,1,,,,5.53,8.24,9.7,5.53
HY,86688-B8200 : CAP,200, N,,C1/C00,1,,,,26.02,38.8,45.65,26.02
HY,86825-26000 : NUT ASSY-PLUG,200, N,,B1/H05,10,,,,0.88,1.21,1.42,8.8
HY,86825-28000 : NUT-SPRING,200, N,,B1/F11,4,,,,1.83,2.51,2.95,7.32
HY,86848-22000 : RETAINER,201, A,,B1/I18,2,,,,1.51,2.25,2.65,3.02
HY,87160-2E001--DS : HINGE ASSY-TAIL G,203, N,,B2/D00,1,,,,71.89,98.56,115.95,71.89
HY,87252-D3000-EB : COVER-ROOF RACK RR,200, N,,C1/C00,1,,,,36.45,54.36,63.95,36.45
HY,87620-A5060 : MIRROR ASSY-OUTSIDE R,200, N,,C2/B00,1,,,,205.85,306.97,361.14,205.85
HY,87621-C2000 : G/HOLDER ASSY-O/S RR,200, N,,C1/E00,1,,,,139.25,207.66,244.3,139.25
HY,"87635-S8000-FFF : BASE PAD ASSY,LH",200, N,,A1/I01,6,,,,0.75,1.03,1.21,4.5
HY,87635-S8000-QQH : SIDE VIEW MIRROR,200, N,,A1/G15,12,,,,0.75,1.03,1.21,9
HY,87635-S8100-QQH : SIDE VIEW MIRROR,200, N,,A1/G11,2,,,,0.75,1.03,1.21,1.5
HY,87703-H1000 : CLIP 'B'-SIDE GARNISH,210, N,,B1/H09,5,,,,1.31,1.79,2.11,6.55
HY,87712-2D502 : MOULDING ASSY-FRT DR,210, N,,C1/E00,1,,,,38.8,57.86,68.07,38.8
HY,87718-3L000 : CLIP-W/LINE MOULDING,210, N,,B1/H28,4,,,,0.51,0.7,0.82,2.04
HY,87737-J9000 : CLIP-SIDE GARNISH MTG,200, N,,A4/I17,4,,,,1.33,1.83,2.15,5.32
HY,87756-1F000 : CLIP-SIDE GARNISH MTG,210, N,,B1/I03,1,,,,4.54,6.22,7.32,4.54
HY,87756-2E000 : CLIP-SIDE GARNISH MTG,210, N,,B1/H11,14,,,,2.34,3.2,3.77,32.76
HY,87756-3D000 : CLIP -W/LINE MOULDING,210, N,,B1/H01,7,,,,2.06,2.82,3.32,14.42
HY,87850-S8000-QQH : GARNISH ASSY-C.PI,200, N,,A1/A00,1,,,,26.1,38.92,45.79,26.1
HY,87860-S8000-QQH : GARNISH ASSY-C.PI,200, N,,A1/A00,1,,,,26.1,38.92,45.79,26.1
HY,"88193-3L100-QQH : SW ASSY-PWR SEAT,",200, N,,A1/C00,1,,,,26.81,36.75,43.24,26.81
HY,88194-4Z010-RYN : KNOB-FRONT SEAT R,200, N,,B6/F12,1,,,,35.43,48.58,57.15,35.43
HY,885C2-BE000-QQH : TOOL KIT,200, N,,C4/E00,1,,,,24.94,34.2,40.23,24.94
HY,888HC-AACAP-QQH : CAP KIT-SEAT BELT,200, N,,A1/F19,3,,,,8.62,11.82,13.9,25.86
HY,888N0-AACAP-QQH : CAP KIT-SEAT BELT,200, N,,A1/H17,1,,,,16.87,23.13,27.21,16.87
HY,88810-AACAP-QQH : CAP KIT-SEAT BELT,201, A,,A1/H16,5,,,,14.82,20.32,23.9,74.1
HY,88820-AACAP-QQH : CAP KIT-SEAT BELT,200, N,,A1/F01,5,,,,16.22,22.24,26.16,81.1
HY,89363-2B000-9P : CHILD ANCHOR BUTTO,203, N,,B1/H16,1,,,,6.01,8.24,9.69,6.01
HY,9005N : HEAD LAMP,200, A,,SPORD,0,,,,9.99,21.85,21.85,
HY,91AN1-11200-QQH : FUSE KIT,200, R,,A4/C00,1,,,,18.88,25.88,30.45,18.88
HY,91AN1-11201-QQH : FUSE KIT,200, A,,A4/C00,0,,,,23.3,31.94,37.58,
HY,91EN1-11020-QQH : FUSE KIT,200, N,,A1/G16,2,,,,4.44,6.09,7.16,8.88
HY,91FS1-11020-QQH : FUSE KIT,200, A,,A4/C00,2,,,,15.86,21.74,25.58,31.72
HY,91FS2-11020-QQH : FUSE KIT,200, A,,A4/E00,1,,,,15.86,21.74,25.58,15.86
HY,91HG1-11201-QQH : FUSE KIT,200, A,,A4/D00,1,,,,23.49,32.21,37.89,23.49
HY,91KIT-D325A-QQH : WIRING AND FUSE K,200, N,,A1/G21,4,,,,2.02,2.77,3.26,8.08
HY,91KIT-2SUSA-QQH : REPAIR KIT-MULTI,200, N,,A1/E00,2,,,,14.11,19.35,22.76,28.22
HY,91KIT-2V000-QQH : SERVICE KIT,200, N,,A1/F09,2,,,,0.44,0.6,0.71,0.88
HY,91KIT-4ZUSA-QQH : REPAIR KIT-MULTI,200, N,,A1/E00,2,,,,14.17,19.42,22.85,28.34
HY,91KIT-4Z000-QQH : REPAIR KIT-MULTI,200, N,,A1/E00,1,,,,14.17,19.42,22.85,14.17
HY,91LM1-11201-QQH : FUSE KIT,200, A,,B1/D00,3,,,,23.14,31.72,37.32,69.42
HY,91MD1-11200-QQH : FUSE KIT,200, A,,B1/E00,0,1,,,18.95,25.98,30.56,
HY,91MD2-11200-QQH : FUSE KIT,200, A,,B1/E00,5,,,,23.28,31.92,37.55,116.4
HY,91NC1-11200-QQH : FUSE KIT,200, A,,A4/D00,0,,,,18.88,25.88,30.45,
HY,91NC1-11201-QQH : FUSE KIT,200, A,,A4/D00,1,,,,23.3,31.94,37.58,23.3
HY,91RB2-11021-QQH : FUSE KIT,200, A,,A4/E00,0,,,,23.87,32.73,38.5,
HY,91YF1-11020-QQH : FUSE KIT,200, N,,A1/F19,1,,,,4.13,5.66,6.66,4.13
HY,9125A-D325A-QQH : 25A-MULTI FUSE,200, N,,A1/G14,1,,,,7.91,10.85,12.76,7.91
HY,9130A-D330A-QQH : 30A-MULTI FUSE,200, N,,A1/G18,1,,,,7.91,10.85,12.76,7.91
HY,91400-SRKTU-QQH : TUBE- PACK OF 2,200, N,,A1/G03,2,,,,1.43,1.96,2.31,2.86
HY,91700-4R100-QQH : WIRING KIT,200, N,,A4/E00,1,,,,40.44,55.45,65.23,40.44
HY,91887-G7500-QQH : COVER-PROTECTOR,200, N,,A1/C00,3,,,,4.07,5.58,6.56,12.21
HY,"91920-H9300 : CABLE ASSY-ABS.EXT,LH",200, N,,A4/G14,1,,,,62.83,86.14,101.34,62.83
HY,91940-B1001-QQH : REPAIR KIT-MULTI,200, N,,A1/H03,2,,,,0.95,1.3,1.53,1.9
HY,91940-2H001-QQH : PCB RELAY BLOCK A,200, N,,A1/D00,1,,,,27.13,37.2,43.76,27.13
HY,91940-3K005-QQH : PCB BLOCK KIT,200, N,,A1/D00,1,,,,34.12,46.78,55.03,34.12
HY,91951-AA010 : JUNCTION BOX ASSY-I/P,200, N,,B2/B00,1,,,,503.75,690.62,812.5,503.75
HY,91970-4R030 : CAP-BATTERY,200, N,,A4/J12,1,,,,11.22,15.38,18.1,11.22
HY,91971-2H999 : HOUSING-CONNECTOR,201, N,,C1/F16,20,,,,0.65,0.89,1.05,13
HY,92100-F2510-QQH : LAMP ASSY-HEAD SE,200, N,,A1/G07,5,,,,5.58,7.65,9,27.9
HY,92140-1W200 : CAP-HEADLAMP DUST,200, N,,C1/E00,1,,,,5.84,8.01,9.42,5.84
HY,92161-2E000 : SOCKET-FR POSITION LA,200, N,,A4/J13,1,,,,7.74,10.61,12.48,7.74
HY,92404-B8500 : LAMP ASSY-REAR COMB I,200, N,,C2/C00,1,,,,182.79,250.6,294.82,182.79
HY,92430-2L100 : HOLDER & WIRING ASSY,200, N,,A4/J17,1,,,,43.18,59.2,69.65,43.18
HY,92485-2H000 : MOUNTING CLIP-REAR CO,200, N,,B1/H28,6,,,,1.35,1.85,2.18,8.1
HY,92818-3S000 : SW ASSY-S/ROOF,200, N,,A4/J08,1,,,,82.12,112.58,132.45,82.12
HY,92831-R6010-QQH : KIT-OVERHEAD CONS,200, A,,A1/I04,1,,,,0.9,1.23,1.45,0.9
HY,92850-3X050-TX : LAMP ASSY-ROOM,200, N,,B6/C00,1,,,,65.93,90.39,106.34,65.93
HY,93490-S1240 : CONTACT ASSY-CLOCK SP,200, N,,A4/L,1,,,,345.44,473.59,557.16,345.44
HY,93490-3X040 : CONTACT ASSY-CLOCK SP,200, A,,A4/K00,1,,,,90.36,123.88,145.74,90.36
HY,93570-2B120-BS : SWITCH ASSY-P/WDO,202, N,,A4/L,1,,,,379.66,520.5,612.35,379.66
HY,93810-3KRWB-QQH : SWITCH ASSY-BRAKE,203, N,,A1/F10,1,,,,3.03,4.16,4.89,3.03
HY,93810-3KR0A-QQH : SWITCH ASSY-BRAKE,203, N,,A1/F12,7,,,,3.03,4.16,4.89,21.21
HY,93810-3KR0B-QQH : SWITCH ASSY-BRAKE,203, N,,A1/F11,10,,,,3.03,4.16,4.89,30.3
HY,93810-4SR0A-QQH : SWITCH ASSY-BRAKE,203, N,,A1/F13,1,,,,3.03,4.16,4.89,3.03
HY,93830-B1001-QQH : SWITCH ASSY-PARK,200, N,,A1/H02,3,,,,2.54,3.48,4.1,7.62
HY,94460-2V000 : SENDER ASSY-FUEL PUMP,200, N,,C2/H00,1,,,,94.03,128.91,151.66,94.03
HY,94460-3L000 : SENDER ASSY-FUEL PUMP,200, N,,C2/H00,1,,,,78.85,108.1,127.18,78.85
HY,94750-2M454 : SWITCH ASSY-OIL PRESS,200, N,,A4/G03,1,,,,100.29,137.5,161.76,100.29
HY,94750-37100 : SWITCH ASSY-OIL PRESS,201, A,,A4/G11,2,,,,32.99,45.23,53.21,65.98
HY,94750-37200-QQH : SWITCH ASSY-OIL P,200, A,,A1/H08,3,,,,7.25,9.93,11.68,21.75
HY,95120-A3000 : SOCKET ASSY-POWER OUT,200, N,,B6/F11,1,,,,23.67,32.45,38.18,23.67
HY,95411-0W120 : TRANSMITTER ASSY,201, N,,A4/F14,1,,,,200.43,173.65,204.29,200.43
HY,95430-C1010 : TX ASSY-KEYLESS ENTRY,200, A,,A4/F12,1,,,,134.31,184.14,216.63,134.31
HY,95430-4Z101 : TX ASSY-KEYLESS ENTRY,201, N,,A4/F08,1,,,,309.53,424.35,499.24,309.53
HY,95440-D3510 : FOB-SMART KEY,200, A,,SPORD,0,,,,190.66,261.39,307.52,
HY,95440-K5012 : FOB-SMART KEY,200, A,,A4/K00,0,,,,323.6,443.65,521.94,
HY,95443-2N000 : BOLT,200, A,,SPORD,0,,,,7.61,10.43,12.27,
HY,95720-2B000 : OPENER ASSY-FUEL FILL,202, N,,C2/H00,1,,,,90.54,124.13,146.03,90.54
HY,96121-2W500 : JACK ASSY-AUX & USB,200, N,,B6/I09,1,,,,63.87,87.57,103.02,63.87
HY,96210-C2230-Y8S : ANTENNA ASSY-COMB,200, N,,A4/K,1,,,,321.56,440.85,518.65,321.56
HY,96440-3S000-RY : SWITCH ASSY-STRG R,201, N,,A4/J22,1,,,,109.77,150.49,177.05,109.77
HY,96610-3K001 : HORN ASSY-LOW PITCH,200, N,,A4/K,1,,,,90.23,123.7,145.53,90.23
HY,96611-AA000 : HORN ASSY-LOW PITCH,200, N,,B2/G00,1,,,,10.28,14.09,16.58,10.28
HY,96611-J9500 : HORN ASSY-LOW PITCH,200, A,,B1/L00,0,1,,,24.72,33.89,39.87,
HY,96611-L2000 : HORN ASSY-LOW PITCH,200, A,,C1/D00,1,,,,29.55,40.51,47.66,29.55
HY,96611-S1600 : HORN ASSY-LOW PITCH,200, A,,B6/C00,1,,,,18.25,25.02,29.44,18.25
HY,96621-AA000 : HORN ASSY-HIGH PITCH,200, N,,B2/G00,1,,,,23.38,32.05,37.71,23.38
HY,96621-S1500 : HORN ASSY-HIGH PITCH,200, A,,C1/D00,1,,,,28.44,38.99,45.87,28.44
HY,96621-S1600 : HORN ASSY-HIGH PITCH,200, A,,B6/C00,1,,,,18.74,25.7,30.23,18.74
HY,96740-3J100-RYN : SW ASSY-POWER TAI,200, N,,B1/L,1,,,,60.64,83.14,97.81,60.64
HY,96985-2V100 : SENSOR ASSY-AQS & AMB,200, N,,A4/G10,1,,,,43.88,60.15,70.77,43.88
HY,97133-C1010 : FILTER ASSY-AIR,200, N,,400,2,,,,28.63,39.24,46.17,57.26
HY,97133-DS000 : FILTER-CABIN,200, N,,404,3,,,,29,39.76,46.78,87
HY,97133-D1000 : FILTER-AIR,200, N,,401,11,,,,21.73,29.8,35.06,239.03
HY,97133-G2000 : FILTER ASSY-AIR,200, N,,402,3,,,,28.63,39.24,46.17,85.89
HY,97133-K4000 : FILTER ASSY-AIR,200, A,,403,5,,,,38.97,53.43,62.86,194.85
HY,97133L000 : FILTER ASSY-AIR,200, N,,406,9,,,,21.36,29.28,34.45,192.24
HY,97133-L0000 : FILTER ASSY-AIR,200, A,,404,9,,,,28.63,39.24,46.17,257.67
HY,97143-C5000-QQH : THERMISTOR ASSY-A,200, N,,A1/F14,3,,,,6.43,8.81,10.37,19.29
HY,97162-1JAA0-QQH : ACTUATOR-INTAKE,200, N,,A1/G22,1,,,,25.74,35.29,41.52,25.74
HY,97245-3S020 : SEAL-DUCT NO.2,200, N,,B6/F07,1,,,,8.78,12.04,14.16,8.78
HY,97245-3S030 : SEAL-DUCT NO.3,200, N,,B6/F02,3,,,,8.78,12.04,14.16,26.34
HY,97245-3S040 : SEAL-DUCT NO.4,200, N,,B6/F01,4,,,,8.54,11.7,13.77,34.16
HY,97268-26000 : SOCKET & BULB ASSY,200, N,,A4/G12,1,,,,12.87,17.65,20.76,12.87
HY,97292-38000 : SWITCH ASSY-BLOWER,200, N,,B6/F10,1,,,,100.37,137.61,161.89,100.37
HY,97690-34350 : O-RING,200, N,,A4/I02,4,,,,1.38,1.9,2.23,5.52
HY,97701-D3200-AS1 : COMPRESSOR ASSY,200, N,,C1/K00,1,,,,383.09,525.2,617.88,383.09
HY,97761-2W501 : PIPE & TUBE ASSY,200, N,,C1/L00,1,,,,123.35,169.11,198.95,123.35
HY,97762-2C600 : HOSE-DISCHARGE,203, N,,C1/L,1,,,,327.3,323.45,380.53,327.3
HY,97762-2W501 : HOSE-DISCHARGE,200, N,,C1/L,1,,,,110.95,152.11,178.95,110.95
HY,98311-S8200-QQH : ARM ASSY-W/SHLD W,200, A,,A4/C00,1,,,,7.14,9.79,11.52,7.14
HY,"98311-4Z000 : ARM ASSY-W/SHLD WPR,D",200, N,,C1/E00,1,,,,94.33,129.33,152.15,94.33
HY,98320-26030 : ARM ASSY-W/SHLD WPR,200, N,,C1/E00,1,,,,80.81,110.79,130.34,80.81
HY,"98360-M6000 : BLADE ASSY-WIPER,PASS",200, N,,RACK,9,,,,15.51,21.27,25.02,139.59
HY,98380-3N050 : CAP-W/WPR ARM,200, N,,C1/F03,1,,,,2.11,2.89,3.4,2.11
HY,98516-21100 : CONNECTOR-WINDSHIELD,200, N,,B1/I08,4,,,,1.49,2.04,2.4,5.96
HY,98700-1E000 : MOTOR & LINKAGE ASSY-,203, N,,A1/L00,1,,,,398.13,545.83,642.15,398.13
HY,98713-B2000 : GROMMET-REAR WIPER,200, N,,B1/H22,1,,,,5.59,7.67,9.02,5.59
HY,98812-2B000 : CAP-W/WPR ARM,202, N,,C1/F18,1,,,,6.53,8.95,10.53,6.53
HY,98812-2E000 : CAP-RR WIPER ARM,202, N,,C1/F21,1,,,,17.42,23.88,28.1,17.42
HY,98812-2W000 : CAP-RR WIPER ARM,200, N,,C1/F19,1,,,,5.78,7.92,9.32,5.78
HY,"98850-A4000 : BLADE ASSY-WIPER,RR",200, A,,RACK,5,,,,22.19,30.41,35.78,110.95
HY,"98850-BE000 : BLADE ASSY-WIPER,RR",200, N,,RACK,2,,,,15.72,21.55,25.35,31.44
HY,"98850-CW500 : BLADE ASSY-WIPER,RR",200, N,,RACK,5,,,,22.42,30.74,36.16,112.1
HY,"98850-H9000 : BLADE ASSY-WIPER,RR",200, A,,RACK,3,,,,27.58,37.82,44.49,82.74
HY,"98850-J3000 : BLADE ASSY-WIPER,RR",200, N,,RACK,3,,,,25.61,35.11,41.31,76.83
HY,"98850-N9500 : BLADE ASSY-WIPER,RR",200, N,,RACK,3,,,,20.69,28.36,33.36,62.07
HY,"98850-R6000 : BLADE ASSY-WIPER,RR",200, N,,RACK,5,,,,9.82,13.46,15.84,49.1
HY,99H09-AKA14-C : WIPER BLADE 14',200, A,,RACK,4,,,,10.46,14.34,16.87,41.84
HY,99H09-AKA16-C : WIPER BLADE 16',201, A,,RACK,4,2,,,10.46,14.34,16.87,41.84
HY,99H09-AKA18-C : WIPER BLADE 18',200, A,,RACK,1,,,,10.46,14.34,16.87,10.46
HY,99H09-AKA20-C : WIPER BLADE 20',200, A,,RACK,6,,,,10.46,14.34,16.87,62.76
HY,99H09-AKA24-C : WIPER BLADE 24',200, A,,RACK,3,,,,10.46,14.34,16.87,31.38
HY,99H09-AKA26-C : WIPER BLADE 26',200, A,,RACK,3,4,,,16.91,23.19,27.28,50.73
HY,99H09-AKA28-C : WIPER BLADE 28',200, A,,RACK,6,,,,16.91,23.19,27.28,101.46
HY,99110-AA000-QQH : UNIT ASSY-FRONT R,200, N,,A4/E00,1,,,,189.36,259.61,305.42,189.36
HY,99240-AA210-QQH : UNIT ASSY-REAR VI,200, A,,B2/C00,2,,,,104,143.65,169,208
HY,99240-S1510-QQH : CAMERA ASSY-BACK,200, A,,B2/C00,1,,,,106,143.65,169,106
HY,99310-S8000 : ULTRASONIC SENSOR ASS,200, N,,C1/E00,1,,,,206.93,283.7,333.76,206.93
OT,-32 : COOLANT,401, A,,SHOP,78,,,,11,30,30,858
OT,AA5Z6714A : OIL FILTER,401, A,,421,17,,,,8.04,9.99,9.99,136.68
OT,AC70380 : BED LIGHT KIT,403, N,,SHELF,2,,,,23.97,32.2,32.2,47.94
OT,AC80312 : 18' ACCESS AA LED LIGHT,403, N,,SHELF,2,,,,24.61,34.65,34.65,49.22
OT,AC90392 : 18'MOTION LED LIGHT,403, N,,SHELF,2,,,,23.97,32.97,32.97,47.94
OT,AIR10216 : LEATHER SCENT AIR FRESHE,401, N,,COUNTER,1,,,,7.69,12.99,12.99,7.69
OT,AIR22004 : HONEYDEW SMALL AIR FRESH,401, N,,COUNTER,4,,,,4.19,7.99,7.99,16.76
OT,AIR22216 : GRAPE SODA AIR FRESHENER,401, N,,COUNTER,6,,,,7.69,12.99,12.99,46.14
OT,AIR22404 : BLACK FROST SMALL AIR FR,401, N,,COUNTER,3,,,,4.19,7.99,7.99,12.57
OT,AIR22816 : FRESH CHERRY AIR FRESHEN,401, N,,COUNTER,1,,,,7.69,12.99,12.99,7.69
OT,AIR23316 : GLAZED DOUGHNUT AIR FRES,401, N,,COUNTER,4,,,,7.69,12.99,12.99,30.76
OT,ATF : BULK ATF,999, A,,SHOP,188,,,,3.78,6.5,9,710.64
OT,BGPF9100 : BRAKE FLUID TEST STRIP K,401, N,,425,2,,,,45,0,0,90
OT,BG115 : MOA EXTENDED LIFE OIL ADDIT,401, N,,426,48,,,,10.85,20,20,520.8
OT,BG203 : CF5 3-IN-1 FUEL TREATMENT,401, N,,426,12,,,,10.7,20,20,128.4
OT,BG208 : 44K FUEL CLEANER,401, N,,425,9,,,,20.5,30,30,184.5
OT,BG2902 : INTAKE SERVICE KIT,401, N,,424,8,,,,59,75,75,472
OT,BG2913 : ETHANOL FUEL DEFENDER,401, N,,425,2,,,,21.7,30,34.99,43.4
OT,BG458 : SPRAY PENETRANT,401, N,,425,4,,,,0.01,0,0,0.04
OT,BG5118 : SEALANT,401, N,,424,7,,,,7,0,12,49
OT,BG6579 : ENGINE SERVICE KIT,401, A,,424,9,,,,26.3,25,59.05,236.7
OT,BG6591 : GDI FUEL AIR SERVICE,401, A,,424,5,,,,96.5,0,110,482.5
OT,BG6600 : TRANS FLUSH,401, A,,425,5,,,,31.4,40,45,157
OT,BG6700 : BG POWER STEERING FLUSH KI,401, A,,425,3,,,,48.75,65,70,146.25
OT,BG6831 : COOLANT FLUSH,401, A,,425,5,,,,35,60,63,175
OT,BG84032 : BRAKE FLUID FLUSH KIT,401, A,,425,6,,,,25.9,38,45,155.4
OT,BG8800 : BATTERY KIT,401, A,,424,6,,,,12.4,14,25,74.4
OT,BP1255H11B-N : BULB,401, N,,BULB,2,,,,20.99,30,30,41.98
OT,BP1255H11BN : HEADLIGHT BULB,401, N,,BULB,3,,,,19.99,25,25,59.97
OT,CLD10116 : ALL PURPOSE CLEANER,401, N,,COUNTER,1,,,,8.39,14.99,14.99,8.39
OT,FT4Z6731CA : OIL FILTER,401, A,,423,0,,,,7.76,9.5,13,
OT,FU5Z17D696B : OUTSIDE MIRROR MOTOR,401, A,,SPORD,0,,,,73.77,130.6,130.6,
OT,KU2Z6731A : FORD OIL FILTER,401, N,,423,1,,,,10.64,15,15,10.64
OT,MAC8ACF2CS : CUPFONE,403, N,,SHELF,2,,,,27.15,35.15,35.15,54.3
OT,MAC8ADF7 : DESKFONE,403, N,,SHELF,2,,,,19.95,25.35,25.35,39.9
OT,MAC8ADF7XL : DESKFONEXL,403, N,,SHELF,2,,,,21.45,0,0,42.9
OT,MAC81BS1 : BUMPSTEP,403, N,,SHELF,1,,,,34.39,42.39,42.39,34.39
OT,NP14 : FRONT WIPER BLADE,401, N,,RACK,2,,,,3.99,20,20,7.98
OT,NP16 : FRONT WIPER BLADE,401, N,,RACK,4,,,,4.15,5.58,21,16.6
OT,NP20 : FRONT WIPER BLADE,401, N,,RACK,2,,,,4.16,21,21,8.32
OT,NP21 : WIPER BLADE 21',401, N,,RACK,4,,,,3.82,21,21,15.28
OT,NP22 : FRONT WIPER BLADE,401, A,,RACK,1,,,,3.96,21,21,3.96
OT,NP24 : FRONT WIPER BLADE,401, N,,RACK,2,,,,6.1,25,25,12.2
OT,NP26 : FRONT WIPER BLADE,401, N,,RACK,2,,,,6.41,25,25,12.82
OT,NP28 : FRONT WIPER BLADE,401, N,,RACK,3,,,,5.89,20,20,17.67
OT,R1234YF : FREON,401, A,,SHOP,194,,,,2.87,7,7,556.78
OT,R134 : A/C OIL,401, A,,BULK,14,,,,9.63,0,0,134.82
OT,SF16 : SEA FOAM,401, N,,405,2,,,,8.48,14,16,16.96
OT,SPI10316 : SPRAY LEATHER CLEANER&CO,401, N,,SHELF,1,,,,10.99,19.99,19.99,10.99
OT,TRITRZ52 : KEYED ALIKE LOCKPIN SET,403, N,,SHELF,1,,,,28.29,35.3,35.3,28.29
OT,VISXILOPR120 : 3.7' ROUND LED LIGHT,403, N,,SHELF,2,,,,95.03,104.99,104.99,190.06
OT,YH539668P : FRONT BRAKE ROTOR,401, A,,SPORD,0,,,,42.5,100,100,
OT,00232OILSYN : SYNTHETIC SHELL 5W-30,401, A,,SPORD,0,,,,1,1.4,1.67,
OT,087180004 : HONDABOND HT GASKET MAK,401, N,,BULK,7,,,,13.85,30,30,96.95
OT,096 : CASTROL GTX 5W30 5QT.,401, A,,SPORD,0,,,,21.99,42.16,50.3,
OT,100010 : OIL FILTER,401, A,,CABINET,3,,,,4.38,5.44,6.49,13.14
OT,100255 : OIL FILTER,401, A,,CABINET,2,,,,4.09,5.51,6.57,8.18
OT,100290 : OIL FILTER,401, A,,CABINET,0,,,,4,5.79,6.91,
OT,100332 : OIL FILTER,401, N,,CABINET,1,,,,4.09,9,9,4.09
OT,100351 : OIL FILTER,401, A,,CABINET,2,,,,4,5.6,10,8
OT,100412 : OIL FILTER,401, A,,CABINET,0,,,,4.36,6.9,7,
OT,1019010 : 235/65R16 LAUFENN G-FIT A,401, N,,DRIVE,4,,,,93.16,150,150,372.64
OT,1019012 : 225/65R17 LAUF. G-FIT A/S,402, A,,SPORD,0,,,,96.47,175,175,
OT,1021509 : 215/55R17 HANKOOK KINERGY,402, N,,DRIVE,4,,,,106.62,150,150,426.48
OT,1023976 : 245/50R20 LAUFENN S-FIT A,402, A,,DRIVE,0,,,,136.54,225,225,
OT,1025064 : 215/50R17XL HAN. KINERGY,402, N,,DRIVE,4,,,,133.82,180,180,535.28
OT,1025079 : 235/60R18XL HAN. KINERGY,402, N,,DRIVE,4,,,,166.75,200,200,667
OT,1025086 : 245/45R19XL HAN. KINERGY,402, N,,DRIVE,4,,,,214.46,265,265,857.84
OT,1031253 : 225/60R17 HANKOOK DYNAPRO,402, N,,DRIVE,4,,,,159.18,200,200,636.72
OT,1042 : OIL FILTER,401, A,,CABINET,0,,,,4,6.5,7,
OT,1085 : OIL FILTER,401, A,,CABINET,1,,,,4,9.99,9.99,4
OT,11005-N : BULB,401, N,,BULB,7,,,,1.49,2.08,2.48,10.43
OT,1142-N : BULB,401, N,,BULB,2,,,,1.29,1.8,2.15,2.58
OT,1156-N : BULB,401, N,,BULB,10,,,,0.99,5,5,9.9
OT,1156NA-N : BULB - AMBER,401, N,,BULB,4,,,,1.29,2.75,3,5.16
OT,1157-N : BULB,401, A,,BULB,1,,,,0.99,5,5,0.99
OT,1157NA-N : BULB,401, N,,BULB,8,,,,1.29,5,5,10.32
OT,12100-N : DOME BULB,401, N,,BULB,2,,,,1.49,5,5,2.98
OT,1235H8N : HEADLIGHT BULB,401, N,,BULB,1,,,,11.99,25,25,11.99
OT,1255H11-N : HEADLIGHT BULB,401, A,,BULB,0,,,,11.99,25,25,
OT,1255H7-N : BULB,401, A,,BULB,2,,,,11.69,25,25,23.38
OT,1334 : OIL FILTER,401, N,,CABINET,1,,,,3.56,6.5,7,3.56
OT,1348 : OIL FILTER,401, A,,CABINET,1,,,,4.09,9.99,9.99,4.09
OT,1358 : OIL FILTER,401, A,,CABINET,2,,,,5.99,7.8,8,11.98
OT,1372 : OIL FILTER,999, A,,CABINET,0,,,,4.09,6.5,9.99,
OT,15W40 : SERVICE PRO CJ4 OIL,999, A,,SHOP,130,,,,2.97,0,6.05,386.1
OT,152089E01A : OIL FILTER,401, A,,CABINET,0,,,,5.94,12.49,12.49,
OT,1522 : OIL FILTER,999, A,,CABINET,0,,,,4,6.5,7,
OT,168-N : BULB,401, N,,BULB,8,,,,0.99,2.75,3,7.92
OT,18005 : FRONT AXLE SEAL,401, A,,SPORD,0,,,,29.68,49.95,49.95,
OT,194-N : BULB,401, A,,BULB,11,,,,0.99,3,3,10.89
OT,2247363 : 245/45R19 KUMHO CRUGEN A/,402, N,,DRIVE,4,,,,172.21,250,250,688.84
OT,2270672 : 235/55R19 KUMHO CRUGEN HP,402, N,,DRIVE,4,,,,186.56,250,250,746.24
OT,230266 : CABIN FILTER,999, A,,SPORD,0,,,,13.63,40,40,
OT,2357-N : BULB,401, A,,BULB,7,,,,1.69,3,3.5,11.83
OT,2725 : AIR FILTER,401, A,,SPORD,0,,,,18.06,45,45,
OT,3057-N : BULB,401, N,,BULB,5,,,,0.99,0,3.5,4.95
OT,3157-N : BULB,401, N,,BULB,1,,,,0.99,0,0,0.99
OT,4107 : CABIN FILTER,401, A,,SPORD,0,,,,15.98,45,45,
OT,4211 : CABIN FILTER,401, A,,SPORD,0,,,,17.78,45,45,
OT,4483 : CABIN FILTER,401, A,,SPORD,0,,,,8.11,40,40,
OT,47AGM : ACDELCO BATTERY - AGM,401, N,,A2/B,1,,,,113.96,275,275,113.96
OT,47AGMA : ACDELCO AGM BATTERY,401, N,,A2/A,2,,,,188.64,245,245,377.28
OT,48GHRA : ACDELCO BATTERY,401, A,,A2/B,0,,,,146.52,275,275,
OT,5W30 : QUAKER STATE,999, N,,SHOP,220,,,,3.24,3.25,4.05,712.8
OT,550043041 : 0W30 - 1 QT,401, A,,SHOP,51,,,,4.58,0,5,233.58
OT,550046169 : 5W30 SYN - 1 QT,401, A,,SHOP,283,,,,4.13,0,5,1168.79
OT,550046176 : 0W20 - 1 QT,401, A,,SHOP,223,,,,4.13,0,5,920.99
OT,550046211 : 5W20 SYN - 1 QT,401, A,,SHOP,487,,,,3.7,0,5,1801.9
OT,550049266 : 0W16 - 1QT,401, A,,SHOP,32,,,,4.58,4.75,4.75,146.56
OT,6012A : REAR WIPER BLADE,401, A,,SPORD,0,,,,9.26,21,21,
OT,6013N : REAR WIPER BLADE,401, A,,SPORD,0,,,,9.26,21,21,
OT,60171 : FRONT WIPER BLADE,401, A,,SPORD,0,,,,10.49,21,21,
OT,60181 : FRONT WIPER BLADE,999, A,,SPORD,0,,,,10.49,25,25,
OT,60181B : FRONT WIPER BLADE,401, A,,SPORD,0,,,,14.78,25,25,
OT,60201 : FRONT WIPER BLADE,401, A,,SPORD,0,,,,10.48,21,21,
OT,60211 : FRONT WIPER BLADE,401, A,,SPORD,0,,,,10.48,25,25,
OT,6022 : FRONT WIPER BLADE,401, A,,SPORD,0,,,,10.48,25,25,
OT,6022PP : FRONT WIPER BLADE,401, A,,SPORD,0,,,,14.27,30,30,
OT,6024PP : FRONT WIPER BLADE,401, A,,SPORD,0,,,,14.27,30,30,
OT,60241 : FRONT WIPER BLADE,401, A,,SPORD,0,,,,10.48,25,25,
OT,60241B : FRONT WIPER BLADE,401, A,,SPORD,0,,,,14.27,30,30,
OT,6026PP : FRONT WIPER BLADE,401, A,,SPORD,0,,,,14.27,30,30,
OT,60261 : FRONT WIPER BLADE,401, A,,SPORD,0,,,,10.48,25,25,
OT,60261B : FRONT WIPER BLADE,401, A,,SPORD,0,,,,14.78,30,30,
OT,7002 : OIL FILTER,401, A,,CABINET,0,,,,5.51,9.99,9.99,
OT,7041 : OIL FILTER,401, A,,CABINET,0,,,,4,8,8,
OT,7047 : OIL FILTER,401, A,,CABINET,3,,,,6.02,6.8,7,18.06
OT,7060 : OIL FILTER,401, A,,CABINET,1,,,,4.09,9.99,9.99,4.09
OT,7151 : OIL FILTER,401, A,,CABINET,0,,,,15.06,19.11,22.79,
OT,7173 : OIL FILTER,401, A,,CABINET,0,,,,4,7.08,8.45,
OT,7356 : OIL FILTER,401, A,,CABINET,1,,,,4.09,6.9,7,4.09
OT,7561 : OIL FILTER,401, A,,SPORD,0,,,,5.99,10,10,
OT,7620 : OIL FILTER,401, A,,CABINET,0,,,,6.74,9.99,9.99,
OT,7674 : OIL FILTER,401, A,,CABINET,0,,,,5.63,9.25,9.99,
OT,7899 : OIL FILTER,401, A,,CABINET,0,,,,4,0,4.16,
OT,9005N : HEADLIGHT BULB,401, N,,BULB,2,,,,11.49,25,25,22.98
OT,9006N : BULB,401, N,,BULB,1,,,,11.49,25,25,11.49
OT,9012 : AIR FILTER,999, A,,SPORD,0,,,,10.84,40,40,
OT,9012LLN : HEADLIGHT BULB,401, N,,BULB,1,,,,19.49,30.25,30.25,19.49
OT,90915YZZN3 : OIL FILTER,401, N,,423,3,,,,4.46,9.99,9.99,13.38
OT,912-N : BULB,401, N,,BULB,8,,,,0.99,1.38,1.65,7.92
OT,921-N : BULB,401, A,,BULB,2,,,,1.29,0,3,2.58
OT,9883 : AIR FILTER,401, A,,SPORD,0,,,,14.45,40,40,
OT,9894R : AGM BATTERY,401, A,,A2/D00,0,,,,218.56,295,295,
